,Player,Team,Position,Age,Date of Birth,Birth City,Birth State/Province,Birth Country,Nationality,Height (in),Weight (lbs),Draft Year,Draft Team,Draft Round,Round Pick,Overall Draft Position
0,Semyon Varlamov,NYI,G,38,1988-04-27,Samara,,RUS,RUS,74,206,2006,WSH,1,23,23
1,Jacob Markstrom,FLA,G,36,1990-01-31,Gävle,,SWE,SWE,78,207,2008,FLA,2,1,31
2,Jake Allen,N.J,G,36,1990-08-07,Fredericton,NB,CAN,CAN,74,195,2008,STL,2,4,34
3,Darcy Kuemper,L.A,G,36,1990-05-05,Saskatoon,SK,CAN,CAN,77,215,2009,MIN,6,10,161
4,Sergei Bobrovsky,TOR,G,38,1988-09-20,Novokuznetsk,,RUS,RUS,74,182,-,-,-,-,-
5,Philipp Grubauer,SEA,G,34,1991-11-25,Rosenheim,,DEU,DEU,73,188,2010,WSH,4,22,112
6,Anton Forsberg,L.A,G,33,1992-11-27,Härnösand,,SWE,SWE,75,193,2011,CBJ,7,7,188
7,Jordan Binnington,STL,G,33,1993-07-11,Richmond Hill,ON,CAN,CAN,74,172,2011,STL,3,27,88
8,John Gibson,DET,G,33,1993-07-14,Pittsburgh,PA,USA,USA,74,210,2011,ANA,2,9,39
9,Andrei Vasilevskiy,T.B,G,32,1994-07-25,Tyumen,,RUS,RUS,76,220,2012,T.B,1,19,19
10,Anthony Stolarz,TOR,G,32,1994-01-20,Edison,NJ,USA,USA,78,243,2012,PHI,2,15,45
11,Linus Ullmark,OTT,G,33,1993-07-31,Lugnvik,,SWE,SWE,77,212,2012,BUF,6,12,163
12,Juuse Saros,NSH,G,31,1995-04-19,Forssa,,FIN,FIN,71,180,2013,NSH,4,8,99
13,Tristan Jarry,EDM,G,31,1995-04-29,Surrey,BC,CAN,CAN,74,194,2013,PIT,2,14,44
14,Alex Nedeljkovic,S.J,G,30,1996-01-07,Parma,OH,USA,USA,72,208,2014,CAR,2,7,37
15,Ilya Sorokin,NYI,G,31,1995-08-04,Mezhdurechensk,,RUS,RUS,75,195,2014,NYI,3,18,78
16,Igor Shesterkin,NYR,G,30,1995-12-30,Moscow,,RUS,RUS,73,189,2014,NYR,4,28,118
17,Mackenzie Blackwood,COL,G,29,1996-12-09,Thunder Bay,ON,CAN,CAN,76,225,2015,N.J,2,12,42
18,Dan Vladar,PHI,G,29,1997-08-20,Prague,,CZE,CZE,77,209,2015,BOS,3,14,75
19,Adin Hill,VGK,G,30,1996-05-11,Comox,BC,CAN,CAN,76,215,2015,ARI,3,15,76
20,Karel Vejmelka,UTA,G,30,1996-05-25,Trebic,,CZE,CZE,76,224,2015,NSH,5,24,145
21,Joey Daccord,SEA,G,30,1996-08-19,Boston,MA,USA,USA,74,201,2015,OTT,7,18,199
22,Casey DeSmith,DAL,G,35,1991-08-13,Rochester,NH,USA,USA,72,181,-,-,-,-,-
23,Charlie Lindgren,WSH,G,32,1993-12-18,Lakeville,MN,USA,USA,74,179,-,-,-,-,-
24,Joseph Woll,PHI,G,28,1998-07-12,Dardenne Prairie,MO,USA,USA,75,203,2016,TOR,3,1,62
25,Carter Hart,VGK,G,28,1998-08-13,Sherwood Park,AB,CAN,CAN,74,181,2016,PHI,2,18,48
26,Stuart Skinner,WPG,G,27,1998-11-01,Edmonton,AB,CAN,CAN,76,206,2017,EDM,3,16,78
27,Jake Oettinger,DAL,G,27,1998-12-18,Lakeville,MN,USA,USA,77,220,2017,DAL,1,26,26
28,Michael DiPietro,BOS,G,27,1999-06-09,Windsor,ON,CAN,CAN,72,200,2017,VAN,3,2,64
29,Ukko-Pekka Luukkonen,BUF,G,27,1999-03-09,Espoo,,FIN,FIN,77,217,2017,BUF,2,23,54
30,Jeremy Swayman,BOS,G,27,1998-11-24,Anchorage,AK,USA,USA,74,194,2017,BOS,4,18,111
31,Logan Thompson,WSH,G,29,1997-02-25,Calgary,AB,CAN,CAN,76,205,-,-,-,-,-
32,Lukas Dostal,ANA,G,26,2000-06-22,Brno,,CZE,CZE,74,174,2018,ANA,3,23,85
33,Kevin Lankinen,VAN,G,31,1995-04-28,Helsinki,,FIN,FIN,74,190,-,-,-,-,-
34,Joel Hofer,STL,G,26,2000-07-30,Winnipeg,MB,CAN,CAN,77,179,2018,STL,4,14,107
35,Akira Schmid,FLA,G,26,2000-05-12,Bern,,CHE,CHE,77,205,2018,N.J,5,12,136
36,Samuel Ersson,OTT,G,26,1999-10-20,Falun,,SWE,SWE,74,176,2018,PHI,5,19,143
37,Spencer Knight,CHI,G,25,2001-04-19,Stamford,CT,USA,USA,75,192,2019,FLA,1,13,13
38,Colten Ellis,BUF,G,26,2000-10-05,Whycocomagh,NS,CAN,CAN,73,185,2019,STL,3,31,93
39,Pyotr Kochetkov,CAR,G,27,1999-06-25,Penza,,RUS,RUS,75,205,2019,CAR,2,5,36
40,Arturs Silovs,PIT,G,25,2001-03-22,,,LVA,LVA,76,203,2019,VAN,6,1,156
41,Dustin Wolf,CGY,G,25,2001-04-16,Gilroy,CA,USA,USA,72,156,2019,CGY,7,28,214
42,Nico Daws,N.J,G,25,2000-12-22,Munich,,DEU,DEU,76,205,2020,N.J,3,22,84
43,Yaroslav Askarov,S.J,G,24,2002-06-16,Omsk,,RUS,RUS,75,178,2020,NSH,1,11,11
44,Dylan Garand,NYR,G,24,2002-06-07,Victoria,BC,CAN,CAN,73,172,2020,NYR,4,10,103
45,Devon Levi,EDM,G,24,2001-12-27,Dollard-des-Ormeaux,QC,CAN,CAN,72,184,2020,FLA,7,26,212
46,Devin Cooley,CGY,G,29,1997-05-25,Los Gatos,CA,USA,USA,77,192,-,-,-,-,-
47,Leevi Meriläinen,VAN,G,24,2002-08-13,Oulu,,FIN,FIN,74,158,-,-,-,-,-
48,Jakub Dobes,MTL,G,25,2001-05-27,,,CZE,,76,205,2020,MTL,5,12,136
49,Sebastian Cossa,UTA,G,23,2002-11-21,Hamilton,ON,CAN,CAN,78,210,2021,DET,1,15,15
50,Jesper Wallstedt,MIN,G,23,2002-11-14,Vasteras,,SWE,SWE,75,214,2021,MIN,1,20,20
51,Arvid Soderblom,CHI,G,27,1999-08-19,Göteborg,,SWE,SWE,75,180,-,-,-,-,-
52,Jet Greaves,CBJ,G,25,2001-03-30,Cambridge,ON,CAN,CAN,72,184,-,-,-,-,-
53,Clay Stevenson,WPG,G,27,1999-03-03,,,CAN,,76,195,-,-,-,-,-
54,Brandon Bussi,CAR,G,28,1998-06-25,Sound Beach,NY,USA,USA,76,226,-,-,-,-,-
55,Sergei Murashov,PIT,G,22,2004-04-01,,,RUS,,74,175,2022,PIT,4,21,118
