,Team,GP,TOI,W,L,OTL,ROW,Points,Point %,CF,CA,CF%,FF,FA,FF%,SF,SA,SF%,GF,GA,GF%,xGF,xGA,xGF%,SCF,SCA,SCF%,SCSF,SCSA,SCSF%,SCGF,SCGA,SCGF%,SCSH%,SCSV%,HDCF,HDCA,HDCF%,HDSF,HDSA,HDSF%,HDGF,HDGA,HDGF%,HDSH%,HDSV%,MDCF,MDCA,MDCF%,MDSF,MDSA,MDSF%,MDGF,MDGA,MDGF%,MDSH%,MDSV%,LDCF,LDCA,LDCF%,LDSF,LDSA,LDSF%,LDGF,LDGA,LDGF%,LDSH%,LDSV%,SH%,SV%,PDO
0,Anaheim Ducks,82,5010:31,43,33,6,35,92,0.561,5327,4888,52.15,3944,3600,52.28,2522,2327,52.01,265,288,47.92,291.47,291.28,50.02,2566,2554,50.12,1342,1345,49.94,208,231,47.38,15.5,82.83,1125,1109,50.36,680,685,49.82,124,134,48.06,18.24,80.44,1441,1445,49.93,662,660,50.08,84,97,46.41,12.69,85.3,3089,2835,52.14,1080,856,55.79,51,48,51.52,4.72,94.39,10.51,87.62,0.981
1,Boston Bruins,82,4992:11,45,27,10,41,100,0.61,4760,5058,48.48,3478,3706,48.41,2212,2433,47.62,268,247,52.04,257.04,296.83,46.41,2246,2477,47.55,1159,1334,46.49,210,188,52.76,18.12,85.91,953,1125,45.86,576,707,44.89,122,116,51.26,21.18,83.59,1293,1352,48.88,583,627,48.18,88,72,55.0,15.09,88.52,2822,2992,48.54,905,1003,47.43,53,56,48.62,5.86,94.42,12.12,89.85,1.02
2,Buffalo Sabres,82,4968:02,50,23,9,45,109,0.665,4685,4917,48.79,3535,3621,49.4,2304,2381,49.18,283,240,54.11,270.83,273.23,49.78,2252,2328,49.17,1210,1285,48.5,228,195,53.9,18.84,84.82,987,1020,49.18,612,669,47.78,137,120,53.31,22.39,82.06,1265,1308,49.16,598,616,49.26,91,75,54.82,15.22,87.82,2731,3051,47.23,1004,956,51.22,43,37,53.75,4.28,96.13,12.28,89.92,1.022
3,Carolina Hurricanes,82,4996:54,53,22,7,48,113,0.689,5753,3951,59.28,4168,2950,58.56,2636,1962,57.33,291,236,55.22,309.38,240.9,56.22,2784,2087,57.15,1402,1176,54.38,234,206,53.18,16.69,82.48,1150,954,54.66,717,611,53.99,127,127,50.0,17.71,79.21,1634,1133,59.05,685,565,54.8,107,79,57.53,15.62,86.02,3470,2182,61.39,1134,655,63.39,52,22,70.27,4.59,96.64,11.04,87.97,0.99
4,Columbus Blue Jackets,82,5002:23,40,30,12,33,92,0.561,4978,4988,49.95,3600,3650,49.66,2406,2357,50.51,246,251,49.5,266.14,264.71,50.13,2412,2381,50.32,1265,1253,50.24,195,183,51.59,15.42,85.4,971,1021,48.74,597,650,47.87,109,104,51.17,18.26,84.0,1441,1360,51.45,668,603,52.56,86,79,52.12,12.87,86.9,2902,2994,49.22,1017,990,50.67,44,57,43.56,4.33,94.24,10.22,89.35,0.996
5,Calgary Flames,82,4975:07,34,39,9,30,77,0.47,4792,5015,48.86,3420,3673,48.22,2306,2451,48.48,208,256,44.83,244.06,280.5,46.53,2208,2557,46.34,1177,1358,46.43,163,212,43.47,13.85,84.39,960,1082,47.01,612,695,46.82,108,130,45.38,17.65,81.29,1248,1475,45.83,565,663,46.01,55,82,40.15,9.73,87.63,2910,2843,50.58,977,939,50.99,38,33,53.52,3.89,96.49,9.02,89.56,0.986
6,Chicago Blackhawks,82,4988:05,29,39,14,26,72,0.439,4181,4881,46.14,3130,3734,45.6,2015,2457,45.06,210,270,43.75,217.55,286.75,43.14,2024,2554,44.21,1083,1397,43.67,177,226,43.92,16.34,83.82,831,1180,41.32,521,777,40.14,114,139,45.06,21.88,82.11,1193,1374,46.47,562,620,47.55,63,87,42.0,11.21,85.97,2465,2785,46.95,830,929,47.19,30,39,43.48,3.61,95.8,10.42,89.01,0.994
7,Colorado Avalanche,82,4984:48,55,16,11,51,121,0.738,5708,4481,56.02,4140,3320,55.5,2766,2140,56.38,298,197,60.2,309.61,242.38,56.09,2769,2139,56.42,1480,1111,57.12,220,152,59.14,14.86,86.32,1102,933,54.15,701,574,54.98,131,96,57.71,18.69,83.28,1667,1206,58.02,779,537,59.19,89,56,61.38,11.42,89.57,3419,2734,55.57,1168,905,56.34,70,39,64.22,5.99,95.69,10.77,90.79,1.016
8,Dallas Stars,82,5000:10,50,20,12,44,112,0.683,4204,4580,47.86,3073,3268,48.46,2076,2145,49.18,273,222,55.15,269.44,247.0,52.17,2279,2185,51.05,1251,1113,52.92,232,176,56.86,18.55,84.19,1038,915,53.15,690,575,54.55,153,102,60.0,22.17,82.26,1241,1270,49.42,561,538,51.05,79,74,51.63,14.08,86.25,2321,2739,45.87,728,915,44.31,35,35,50.0,4.81,96.17,13.15,89.65,1.028
9,Detroit Red Wings,82,4978:55,41,31,10,39,92,0.561,4838,4971,49.32,3571,3534,50.26,2313,2274,50.43,239,254,48.48,274.39,260.04,51.34,2336,2440,48.91,1260,1205,51.12,191,200,48.85,15.16,83.4,1015,972,51.08,654,590,52.57,115,121,48.73,17.58,79.49,1321,1468,47.36,606,615,49.63,76,79,49.03,12.54,87.15,2862,2941,49.32,938,959,49.45,36,45,44.44,3.84,95.31,10.33,88.83,0.992
10,Edmonton Oilers,82,4970:29,41,30,11,41,93,0.567,4805,4725,50.42,3600,3424,51.25,2438,2186,52.72,282,265,51.55,283.14,263.51,51.8,2459,2462,49.97,1360,1226,52.59,230,216,51.57,16.91,82.38,1078,988,52.18,695,598,53.75,136,131,50.94,19.57,78.09,1381,1474,48.37,665,628,51.43,94,85,52.51,14.14,86.46,2791,2562,52.14,959,857,52.81,46,44,51.11,4.8,94.87,11.57,87.88,0.994
11,Florida Panthers,82,4972:43,40,38,4,35,84,0.512,4999,4499,52.63,3642,3384,51.84,2296,2196,51.11,246,274,47.31,283.7,271.55,51.09,2454,2172,53.05,1263,1184,51.61,202,220,47.87,15.99,81.42,1078,997,51.95,653,636,50.66,123,142,46.42,18.84,77.67,1376,1175,53.94,610,548,52.68,79,78,50.32,12.95,85.77,2891,2641,52.26,935,873,51.71,34,48,41.46,3.64,94.5,10.71,87.52,0.982
12,Los Angeles Kings,82,5027:53,35,27,20,30,90,0.549,5103,4715,51.98,3624,3404,51.57,2297,2226,50.78,220,238,48.03,268.17,244.32,52.33,2416,2269,51.57,1200,1183,50.36,180,178,50.28,15.0,84.95,1049,963,52.14,650,602,51.92,114,98,53.77,17.54,83.72,1367,1306,51.14,550,581,48.63,66,80,45.21,12.0,86.23,2959,2832,51.1,973,919,51.43,35,53,39.77,3.6,94.23,9.58,89.31,0.989
13,Minnesota Wild,82,5009:50,46,24,12,42,104,0.634,4898,5084,49.07,3659,3679,49.86,2390,2411,49.78,268,235,53.28,281.49,258.57,52.12,2434,2461,49.72,1264,1285,49.59,207,192,51.88,16.38,85.06,1033,989,51.09,649,628,50.82,128,118,52.03,19.72,81.21,1401,1472,48.76,615,657,48.35,79,74,51.63,12.85,88.74,2770,3078,47.37,982,1007,49.37,50,37,57.47,5.09,96.33,11.21,90.25,1.015
14,Montreal Canadiens,82,5007:13,48,24,10,44,106,0.646,4602,4915,48.36,3392,3484,49.33,2155,2281,48.58,279,251,52.64,275.54,288.37,48.86,2277,2454,48.13,1179,1287,47.81,214,206,50.95,18.15,83.99,913,1090,45.58,568,665,46.07,109,129,45.8,19.19,80.6,1364,1364,50.0,611,622,49.55,105,77,57.69,17.18,87.62,2654,2729,49.3,866,882,49.54,56,42,57.14,6.47,95.24,12.95,89.0,1.019
15,New Jersey Devils,82,4974:08,42,37,3,38,87,0.53,5020,4662,51.85,3660,3410,51.77,2426,2246,51.93,226,253,47.18,273.7,260.64,51.22,2469,2333,51.42,1337,1246,51.76,183,208,46.8,13.69,83.31,1040,1003,50.91,662,630,51.24,107,130,45.15,16.16,79.37,1429,1330,51.79,675,616,52.29,76,78,49.35,11.26,87.34,2940,2687,52.25,977,891,52.3,36,38,48.65,3.68,95.74,9.32,88.74,0.981
16,Nashville Predators,82,4988:55,38,34,10,33,86,0.524,4808,4734,50.39,3493,3631,49.03,2284,2428,48.47,242,267,47.54,265.48,273.48,49.26,2318,2337,49.8,1235,1340,47.96,189,218,46.44,15.3,83.73,1008,1037,49.29,639,697,47.83,119,142,45.59,18.62,79.63,1310,1300,50.19,596,643,48.1,70,76,47.95,11.74,88.18,2867,2844,50.2,946,987,48.94,48,45,51.61,5.07,95.44,10.6,89.0,0.996
17,New York Islanders,82,4988:06,43,34,5,39,91,0.555,4790,4856,49.66,3529,3550,49.85,2313,2269,50.48,229,236,49.25,265.17,299.05,47.0,2343,2460,48.78,1260,1312,48.99,187,194,49.08,14.84,85.21,973,1137,46.11,631,716,46.84,104,105,49.76,16.48,85.34,1370,1323,50.87,629,596,51.35,83,89,48.26,13.2,85.07,2892,2643,52.25,953,845,53.0,37,35,51.39,3.88,95.86,9.9,89.6,0.995
18,New York Rangers,82,4975:11,34,39,9,31,77,0.47,4637,4901,48.62,3306,3607,47.82,2062,2358,46.65,235,249,48.55,248.28,279.24,47.07,2276,2357,49.13,1111,1264,46.78,181,198,47.76,16.29,84.34,984,968,50.41,578,626,48.01,109,122,47.19,18.86,80.51,1292,1389,48.19,533,638,45.52,72,76,48.65,13.51,88.09,2751,2839,49.21,842,993,45.89,48,42,53.33,5.7,95.77,11.4,89.44,1.008
19,Ottawa Senators,82,4966:57,44,27,11,41,99,0.604,4876,4279,53.26,3613,3081,53.97,2372,2000,54.25,275,245,52.88,280.13,233.37,54.55,2480,2019,55.12,1365,1063,56.22,225,202,52.69,16.48,81.0,1069,855,55.56,697,544,56.16,141,124,53.21,20.23,77.21,1411,1164,54.8,668,519,56.28,84,78,51.85,12.57,84.97,2862,2493,53.45,879,842,51.07,43,41,51.19,4.89,95.13,11.59,87.75,0.993
20,Philadelphia Flyers,82,5027:25,43,27,12,33,98,0.598,4341,4656,48.25,3202,3321,49.09,2089,2084,50.06,240,239,50.1,258.07,239.77,51.84,2225,2264,49.57,1185,1100,51.86,193,193,50.0,16.29,82.45,993,878,53.07,607,515,54.1,100,99,50.25,16.47,80.78,1232,1386,47.06,578,585,49.7,93,94,49.73,16.09,83.93,2424,2687,47.43,785,881,47.12,37,42,46.84,4.71,95.23,11.49,88.53,1.0
21,Pittsburgh Penguins,82,5003:32,41,25,16,38,98,0.598,4877,4876,50.01,3604,3547,50.4,2342,2243,51.08,290,258,52.92,283.63,268.63,51.36,2538,2475,50.63,1364,1271,51.76,229,199,53.5,16.79,84.34,1124,1040,51.94,714,623,53.4,136,119,53.33,19.05,80.9,1414,1435,49.63,650,648,50.08,93,80,53.76,14.31,87.65,2692,2813,48.9,854,880,49.25,52,52,50.0,6.09,94.09,12.38,88.5,1.009
22,San Jose Sharks,82,4978:45,39,35,8,37,86,0.524,4372,4939,46.96,3126,3627,46.29,2111,2433,46.46,249,290,46.2,240.62,275.85,46.59,2257,2404,48.42,1230,1330,48.05,209,227,47.94,16.99,82.93,980,1063,47.97,653,684,48.84,132,131,50.19,20.21,80.85,1277,1341,48.78,577,646,47.18,77,96,44.51,13.34,85.14,2482,3014,45.16,787,989,44.31,38,54,41.3,4.83,94.54,11.8,88.08,0.999
23,Seattle Kraken,82,4990:59,34,37,11,32,79,0.482,4391,5198,45.79,3239,3786,46.11,2098,2412,46.52,224,257,46.57,232.53,277.45,45.6,2017,2399,45.67,1073,1212,46.96,168,192,46.67,15.66,84.16,818,1029,44.29,511,600,45.99,108,122,46.96,21.14,79.67,1199,1370,46.67,562,612,47.87,60,70,46.15,10.68,88.56,2722,3190,46.04,928,1081,46.19,50,55,47.62,5.39,94.91,10.68,89.34,1.0
24,St Louis Blues,82,4976:52,37,33,12,36,86,0.524,4268,4689,47.65,3097,3464,47.2,2075,2271,47.75,230,254,47.52,233.76,247.98,48.52,2149,2229,49.09,1160,1161,49.98,186,200,48.19,16.03,82.77,866,947,47.77,536,592,47.52,99,130,43.23,18.47,78.04,1283,1282,50.02,624,569,52.31,87,70,55.41,13.94,87.7,2472,2823,46.69,814,985,45.25,38,49,43.68,4.67,95.03,11.08,88.82,0.999
25,Tampa Bay Lightning,82,4970:58,50,26,6,46,106,0.646,4890,4388,52.71,3572,3291,52.05,2306,2190,51.29,286,229,55.53,290.26,246.83,54.04,2467,2120,53.78,1307,1194,52.26,236,181,56.59,18.06,84.84,1056,898,54.04,646,599,51.89,144,104,58.06,22.29,82.64,1411,1222,53.59,661,595,52.63,92,77,54.44,13.92,87.06,2824,2737,50.78,903,874,50.82,45,37,54.88,4.98,95.77,12.4,89.54,1.019
26,Toronto Maple Leafs,82,4996:56,32,36,14,31,78,0.476,4357,5406,44.63,3275,4026,44.86,2160,2663,44.79,252,295,46.07,244.24,297.45,45.09,2194,2681,45.01,1202,1442,45.46,206,237,46.5,17.14,83.56,957,1118,46.12,636,709,47.29,129,129,50.0,20.28,81.81,1237,1563,44.18,566,733,43.57,77,108,41.62,13.6,85.27,2551,3119,44.99,812,1115,42.14,39,47,45.35,4.8,95.78,11.67,88.92,1.006
27,Utah Mammoth,82,4947:07,43,33,6,43,92,0.561,4910,4528,52.02,3551,3304,51.8,2267,2145,51.38,268,240,52.76,265.94,266.37,49.96,2287,2237,50.55,1195,1157,50.81,202,199,50.37,16.9,82.8,1012,980,50.8,637,603,51.37,122,125,49.39,19.15,79.27,1275,1257,50.36,558,554,50.18,80,74,51.95,14.34,86.64,2923,2660,52.36,951,863,52.43,54,36,60.0,5.68,95.83,11.82,88.81,1.006
28,Vancouver Canucks,82,4992:11,25,49,8,19,58,0.354,4531,4964,47.72,3346,3730,47.29,2126,2439,46.57,210,314,40.08,245.65,288.17,46.02,2206,2543,46.45,1144,1369,45.52,174,249,41.13,15.21,81.81,984,1125,46.66,609,728,45.55,110,149,42.47,18.06,79.53,1222,1418,46.29,535,641,45.49,64,100,39.02,11.96,84.4,2720,2806,49.22,867,961,47.43,28,52,35.0,3.23,94.59,9.88,87.13,0.97
29,Vegas Golden Knights,82,5015:40,39,26,17,38,95,0.579,4931,4480,52.4,3594,3195,52.94,2372,1999,54.27,264,242,52.17,273.95,227.04,54.68,2511,2171,53.63,1284,1067,54.62,211,189,52.75,16.43,82.29,1124,835,57.38,704,494,58.76,140,118,54.26,19.89,76.11,1387,1336,50.94,580,573,50.3,71,71,50.0,12.24,87.61,2855,2576,52.57,929,821,53.09,46,48,48.94,4.95,94.15,11.13,87.89,0.99
30,Winnipeg Jets,82,4976:21,35,35,12,33,82,0.5,4504,4741,48.72,3349,3510,48.83,2155,2274,48.66,229,256,47.22,253.47,270.39,48.39,2257,2347,49.02,1135,1240,47.79,186,212,46.73,16.39,82.9,967,1022,48.62,568,618,47.89,121,120,50.21,21.3,80.58,1290,1325,49.33,567,622,47.69,65,92,41.4,11.46,85.21,2733,2737,49.96,920,931,49.7,37,40,48.05,4.02,95.7,10.63,88.74,0.994
31,Washington Capitals,82,4978:13,43,30,9,41,95,0.579,4817,4988,49.13,3555,3576,49.85,2297,2306,49.9,261,238,52.3,286.48,281.66,50.42,2404,2418,49.85,1252,1224,50.57,203,180,53.0,16.21,85.29,1080,1045,50.82,676,639,51.41,124,119,51.03,18.34,81.38,1324,1373,49.09,576,585,49.61,79,61,56.43,13.72,89.57,2759,2919,48.59,906,965,48.42,46,47,49.46,5.08,95.13,11.36,89.68,1.01
