,PlayerID,Player,Position,Team,Age,Games Played,Goals,Assists,TOI,Points
1,8477492,Nathan MacKinnon,C,COL,29,81.13155803069323,41.09682426930432,96.32699040524382,1877.7111511987664,137.42381467454814
2,8476453,Nikita Kucherov,R,TBL,31,80.60799603948544,44.30424022398258,88.6368597711447,1765.6663570606438,132.94109999512727
3,8478402,Connor McDavid,C,EDM,27,78.14629889820371,41.722300727608975,86.14131766452316,1696.0704996611546,127.86361839213214
4,8478864,Kirill Kaprizov,L,MIN,27,81.06323369830605,51.99123133626089,73.50065858096883,1776.2983245658424,125.49188991722971
5,8477934,Leon Draisaitl,C,EDM,29,81.14336021025979,50.86668949104595,62.57600354148468,1732.8838835372092,113.44269303253063
6,8478420,Mikko Rantanen,R,COL,28,81.12856863698238,49.02915737258913,62.9585401400321,1860.873926373845,111.98769751262122
7,8478483,Mitch Marner,R,TOR,27,81.12707013856998,28.955879919642285,79.05506997344347,1754.8216976606034,108.01094989308575
8,8478550,Artemi Panarin,L,NYR,33,81.09736165184586,38.58032086978501,68.04301198547735,1628.8593008221646,106.62333285526236
9,8480069,Cale Makar,D,COL,26,81.13230379817426,29.397823012959364,77.21105191421798,2041.3268389428426,106.60887492717734
10,8481559,Jack Hughes,C,NJD,23,80.97049160336111,37.95635018068828,65.62445833797386,1692.2702584146127,103.58080851866214
11,8477933,Sam Reinhart,C,FLA,29,81.12029540367693,50.192050221419564,51.6443017256389,1651.2926923811594,101.83635194705846
12,8478403,Jack Eichel,C,VGK,28,79.5597495542711,32.49486233487049,66.06562175406135,1675.643599390457,98.56048408893184
13,8477939,William Nylander,R,TOR,28,81.12255938702269,47.48337919525406,48.325831418960306,1590.1246848847304,95.80921061421436
14,8478398,Kyle Connor,L,WPG,28,81.11650929716038,46.48822530210351,47.84573090268544,1627.3319665730905,94.33395620478895
15,8482116,Tim Stützle,C,OTT,22,81.10456970454794,33.691856925003236,60.41880964130227,1684.2727597536248,94.1106665663055
16,8479318,Auston Matthews,C,TOR,27,73.69282104310027,50.418660410769476,43.644133367367566,1564.0693031966791,94.06279377813703
17,8479407,Jesper Bratt,L,NJD,26,81.14647644812648,34.5719885248263,59.05293103676894,1522.881613130606,93.62491956159525
18,8477956,David Pastrnak,R,BOS,28,81.13893347199505,42.61558449626298,50.922266736305154,1621.7243976219318,93.53785123256813
19,8471214,Alex Ovechkin,L,WSH,39,79.94237307831168,53.03789044348982,39.99514994641766,1519.8532772517872,93.03304038990748
20,8480039,Martin Necas,C,CAR,25,81.08592235365785,34.56124956435125,57.52378537002104,1446.79762893406,92.08503493437229
21,8477493,Aleksander Barkov,C,FLA,29,71.64904223519572,23.854417399097848,67.97128149630225,1463.031144316169,91.82569889540011
22,8476468,J.T. Miller,C,VAN,31,80.09347650552593,32.61688329459168,58.12976684526237,1563.4526264354542,90.74665013985404
23,8478440,Dylan Strome,C,WSH,27,81.08905660452946,26.60283883079567,64.10029900109497,1445.9442586669718,90.70313783189064
24,8477404,Jake Guentzel,C,TBL,30,80.72891433177944,36.76187741752315,53.791244630163476,1645.3241945387992,90.55312204768663
25,8479314,Matthew Tkachuk,L,FLA,27,76.07095401592223,29.651947455062377,59.06864901699653,1417.6929081782419,88.7205964720589
26,8480800,Quinn Hughes,D,VAN,25,81.10280629702419,15.120273694948217,73.34563232421225,2052.832784866118,88.46590601916046
27,8476460,Mark Scheifele,C,WPG,31,81.10659010266619,39.69235631827719,48.71573498399353,1659.1863457159827,88.40809130227072
28,8480801,Brady Tkachuk,L,OTT,25,81.0976212951528,39.662241462594345,48.0792124766712,1543.2840619038514,87.74145393926554
29,8471675,Sidney Crosby,C,PIT,37,81.14574303323832,33.672504112700906,52.91590985723494,1652.733727197728,86.58841396993584
30,8481557,Matt Boldy,L,MIN,23,80.6465829409215,41.54943477040478,44.95936803856722,1548.2353290773447,86.508802808972
31,8478439,Travis Konecny,R,PHI,27,81.10505436366086,39.38388521313896,46.8004014750281,1664.7588798546235,86.18428668816706
32,8478010,Brayden Point,C,TBL,28,76.80681030130472,47.538027481439606,38.48859611316434,1533.9847537886235,86.02662359460395
33,8478427,Sebastian Aho,C,CAR,27,81.09529337161126,31.23900279639206,51.36350243472383,1604.1326624929663,82.60250523111588
34,8476887,Filip Forsberg,L,NSH,30,80.95648241864036,40.39209153335024,41.79665255212686,1540.1850285299463,82.1887440854771
35,8480002,Nico Hischier,C,NJD,25,81.13689346269763,35.62859246473999,45.83237698250902,1629.9809273338346,81.460969447249
36,8477946,Dylan Larkin,C,DET,28,80.93510020481482,43.870477128597116,37.14754714880101,1638.1198489051903,81.01802427739813
37,8477940,Nikolaj Ehlers,L,WPG,28,80.81710701965315,32.17666361320704,48.4865676114075,1314.1814745202637,80.66323122461455
38,8480012,Elias Pettersson,C,VAN,26,81.08172190774434,33.540227437839306,46.9790392313691,1611.618508570412,80.5192666692084
39,8479343,Clayton Keller,R,UTA,26,81.09140034123473,32.7423475489461,46.785973547704174,1586.9871069065234,79.52832109665027
40,8475166,John Tavares,C,TOR,34,80.10120362676763,35.15067410214978,44.27252438626078,1436.2379313372192,79.42319848841055
41,8479420,Tage Thompson,C,BUF,27,76.70005194827327,43.79098974396911,35.27811416383799,1422.3166123738126,79.06910390780709
42,8477949,Alex Tuch,R,BUF,28,80.93845258166478,26.472526122983886,51.74945241014189,1614.9061023614843,78.22197853312578
43,8479323,Adam Fox,D,NYR,26,80.94301194716296,9.573016874322802,68.52453552989418,1903.669087461081,78.09755240421698
44,8479542,Brandon Hagel,L,TBL,26,81.06260142281586,35.469942813661916,42.510564456202346,1612.5279835309411,77.98050726986426
45,8475798,Mikael Granlund,C,SJS,32,81.1181657162844,25.026349977755967,52.87394845122406,1704.825970180264,77.90029842898002
46,8475168,Matt Duchene,C,DAL,33,80.89194261324428,34.03813814293666,43.39541431553476,1380.7171775863178,77.43355245847141
47,8484144,Connor Bedard,C,CHI,19,81.10428551899376,24.759185154538592,52.410435103833215,1613.2910504718996,77.16962025837181
48,8480018,Nick Suzuki,C,MTL,25,81.07566248115005,28.681304902576223,47.96638704740937,1699.5478753004188,76.64769194998559
49,8480830,Andrei Svechnikov,R,CAR,24,80.37146159119301,31.053157302475835,45.46360167763585,1417.74460915572,76.51675898011169
50,8475167,Victor Hedman,D,TBL,34,81.04441201485139,16.208358916269468,60.29583887398194,1998.3761684152878,76.50419779025141
51,8480027,Jason Robertson,L,DAL,25,81.07856206252501,30.083269021065927,46.15021914917204,1489.2792291635794,76.23348817023796
52,8471685,Anze Kopitar,C,LAK,37,81.08642137927156,22.52888275212358,53.32037922660804,1600.354830502037,75.84926197873162
53,8479385,Jordan Kyrou,C,STL,26,81.11113278259187,29.0691211661286,46.50724340063581,1495.353064456931,75.57636456676441
54,8480208,Drake Batherson,R,OTT,26,80.91205424384299,31.67207825752116,43.4666972735744,1490.9171919854043,75.13877553109556
55,8471215,Evgeni Malkin,C,PIT,38,81.12043401301842,23.71377884201907,50.99545590613712,1541.2136327660357,74.70923474815619
56,8477955,Jared McCann,L,SEA,28,81.08249167292827,33.830856734808,40.31973428776255,1383.7553494029105,74.15059102257055
57,8477504,Josh Morrissey,D,WPG,29,81.12350619812392,12.125821331307806,61.83260982337659,1984.9466432435975,73.9584311546844
58,8476459,Mika Zibanejad,C,NYR,31,81.06581519054151,25.34579172749693,48.49964413524271,1575.6554308051782,73.84543586273963
59,8480023,Robert Thomas,C,STL,25,68.4510251074482,18.47186023453758,55.27729833029875,1451.6195002958789,73.74915856483634
60,8479337,Alex DeBrincat,R,DET,27,81.07327875446545,32.33093282151787,40.91208979048549,1485.1867057698305,73.24302261200336
61,8475692,Mats Zuccarello,R,MIN,37,77.37007873790203,23.785929694607034,49.24266951815337,1459.8447844556367,73.02859921276041
62,8477960,Adrian Kempe,R,LAK,28,81.08563676660593,35.25483011409843,37.6762662727625,1542.4779687948571,72.93109638686093
63,8474600,Roman Josi,D,NSH,34,81.12791593360531,16.37390050917007,56.377924857053,2051.7054249303173,72.75182536622307
64,8477942,Kevin Fiala,L,LAK,28,80.098111287161,31.71658800880932,39.85886333893411,1431.4108608152842,71.57545134774342
65,8482078,Lucas Raymond,L,DET,22,81.00865704048016,21.285721990774466,49.85065430238871,1481.744181420213,71.13637629316318
66,8478460,Zach Werenski,D,CBJ,27,76.70090031514187,19.823322853600658,50.85338048533159,2054.358925559631,70.67670333893224
67,8480839,Rasmus Dahlin,D,BUF,24,81.12203140782337,19.57149497787534,50.56059476374934,2061.016843794579,70.13208974162468
68,8481540,Cole Caufield,R,MTL,23,80.44447083647371,42.70235269557393,26.424440206114223,1528.3765054885323,69.12679290168815
69,8474564,Steven Stamkos,C,NSH,34,81.09267445050169,32.54274118597644,35.52517002194309,1503.4734877924716,68.06791120791954
70,8475913,Mark Stone,R,VGK,32,56.52580023378102,21.685975812641672,45.570033934940994,1445.627697760327,67.25600974758267
71,8477409,Carter Verhaeghe,C,FLA,29,81.08485149018313,29.064358316772037,38.14016026762001,1493.2660376892215,67.20451858439205
72,8478975,Mason Marchment,L,DAL,29,79.09821348941927,24.720168408399747,42.261177120954635,1240.4248950329102,66.98134552935439
73,8476881,Tomas Hertl,C,VGK,31,81.01599043949945,29.17085381368396,37.73184534938351,1563.6708082231787,66.90269916306747
74,8477951,Nick Schmaltz,C,UTA,28,80.6953284710403,15.708232068719498,50.31096765824831,1546.7945427066336,66.01919972696781
75,8479999,Casey Mittelstadt,C,COL,26,80.90052931092963,22.882512153326136,43.008624661050135,1490.2208099008224,65.89113681437627
76,8478519,Anthony Cirelli,C,TBL,27,80.53936115799576,24.263888399186165,41.45517790263232,1526.8219451290233,65.71906630181849
77,8478445,Mathew Barzal,C,NYI,27,69.82654368321484,19.258453472765872,46.36118308551174,1452.2364674933226,65.61963655827762
78,8476389,Vincent Trocheck,C,NYR,31,81.05451927686103,26.016435626273413,39.340426664901,1737.5448935874995,65.35686229117442
79,8477935,Sam Bennett,C,FLA,28,79.54655121392773,32.01894038025121,33.12043198630778,1372.1175060907651,65.13937236655899
80,8477497,Sean Monahan,C,CBJ,30,79.43924509668857,25.732988350284614,39.38108381221018,1496.2312442693822,65.1140721624948
81,8478449,Roope Hintz,C,DAL,28,80.9885939645547,33.29764385461771,31.778075935163653,1411.6073262916211,65.07571978978136
82,8477500,Bo Horvat,C,NYI,29,81.07299232195537,29.914723464351482,35.11851789220165,1637.4143193641655,65.03324135655313
83,8478444,Brock Boeser,R,VAN,27,74.52874908928061,32.477949807789365,32.50576711232841,1374.4062527337985,64.98371692011777
84,8473419,Brad Marchand,L,BOS,36,81.08950833941664,23.98896871392926,40.943736336506724,1548.9870468644883,64.93270505043598
85,8477402,Pavel Buchnevich,L,STL,29,81.09806476737486,25.745120273246624,38.86369848593262,1589.07621289659,64.60881875917924
86,8473512,Claude Giroux,R,OTT,36,81.05561210568858,23.317240469263982,40.527977617933814,1614.740156722944,63.84521808719779
87,8482093,Seth Jarvis,C,CAR,22,74.68863231612818,27.066531454859806,36.230609583955165,1387.0081121694611,63.29714103881497
88,8478414,Timo Meier,R,NJD,28,81.10366543897055,31.452281299284973,31.778212126645585,1453.3262610145246,63.23049342593056
89,8475172,Nazem Kadri,C,CGY,34,81.08012586224376,26.979820727487667,36.20495915431576,1511.0190107632839,63.18477988180342
90,8477964,Ivan Barbashev,C,VGK,29,81.05126324392035,26.240000715438768,36.532947395155475,1338.6589094204448,62.77294811059424
91,8475794,Tyler Seguin,C,DAL,32,76.32797237828284,29.353874935005084,32.89680646966076,1286.2845775618564,62.25068140466584
92,8478873,Troy Terry,R,ANA,27,80.99582336797299,26.953090623522627,34.26124637733936,1494.212240430249,61.21433700086199
93,8477447,Shea Theodore,D,VGK,29,78.00550976090051,8.9980767564527,52.08901167347135,1796.1375785057112,61.08708842992405
94,8476853,Morgan Rielly,D,TOR,30,81.11610774941784,13.589679268585929,47.2223789296436,1851.1977379992481,60.81205819822952
95,8474590,John Carlson,D,WSH,34,80.60442531735046,12.083520136787657,48.65353047052619,2067.0020148897793,60.73705060731385
96,8482699,Dylan Guenther,R,UTA,21,80.83546110433608,28.52688580499797,32.104289601336966,1327.4717946831142,60.63117540633493
97,8480803,Evan Bouchard,D,EDM,25,81.13182472799151,17.199739939289728,43.249091815490196,1883.3690175882878,60.448831754779924
98,8475726,Tyler Toffoli,C,SJS,32,81.09049262397163,32.99586360166241,27.431898048029485,1396.014996043447,60.42776164969189
99,8476456,Jonathan Huberdeau,C,CGY,31,81.06660567861348,21.445820523771935,38.4647364872854,1451.6080232565025,59.910557011057335
100,8482109,Alexis Lafrenière,L,NYR,23,81.01644868720842,30.524391708982662,29.244214754091672,1399.6971825197882,59.768606463074335
101,8476454,Ryan Nugent-Hopkins,C,EDM,31,81.09262897816532,17.762176105568575,41.91475467718777,1602.5102743024888,59.676930782756344
102,8476539,Jonathan Marchessault,R,NSH,34,81.0682063899821,27.472846487531204,31.69075321612022,1454.2366151670733,59.16359970365143
103,8474141,Patrick Kane,R,DET,36,80.19709324721667,20.831426815061743,38.31065723766896,1498.2374152066632,59.14208405273071
104,8478493,Joel Eriksson Ek,C,MIN,27,77.80877062873746,29.30838453990507,29.293111282727267,1534.791983550059,58.60149582263234
105,8479675,Trevor Moore,L,LAK,29,81.05451372744183,22.14891057334974,36.15581427222556,1430.0927403034373,58.3047248455753
106,8475184,Chris Kreider,L,NYR,33,81.03318310012583,40.54884952054597,17.682251158791974,1497.4286505424034,58.23110067933794
107,8475151,Kyle Palmieri,C,NYI,33,80.98514889850486,27.785219431007192,30.359234913340657,1451.179204023407,58.14445434434785
108,8476875,Mike Matheson,D,MTL,30,80.7333867737879,9.722205631607975,48.11590673239094,2016.6653537021607,57.83811236399892
109,8475754,Brock Nelson,C,NYI,33,81.06098183631504,32.221182481088064,25.040753517276126,1512.5110945880758,57.261935998364194
110,8475158,Ryan O'Reilly,C,NSH,33,81.05613485521444,20.966174526481822,36.26723531499216,1599.4220200948118,57.233409841473986
111,8478856,Conor Garland,R,VAN,28,81.0088254816165,22.195441610289446,35.03750382296106,1339.3614088730321,57.23294543325051
112,8476905,Chandler Stephenson,C,SEA,30,81.05288985850625,11.825589229156055,45.12490864229875,1574.6651584825606,56.9504978714548
113,8480036,Miro Heiskanen,D,DAL,25,80.77355189361873,12.39639426022334,44.128707021417846,2025.1747472384898,56.525101281641184
114,8476448,William Karlsson,C,VGK,31,72.14984053128877,23.471187259078185,33.04714510059193,1271.8550420913034,56.51833235967012
115,8482740,Wyatt Johnston,C,DAL,21,80.81495120767671,25.95374907017613,30.336117062406867,1432.5356484153342,56.289866132583
116,8482667,William Eklund,L,SJS,22,80.06837954278106,18.515906252865385,37.50181425022999,1573.579752857934,56.017720503095376
117,8475810,Bryan Rust,R,PIT,32,72.51074132339944,28.262567912230576,27.733730952370724,1431.6454032774177,55.9962988646013
118,8479400,Pierre-Luc Dubois,L,WSH,26,81.02848856377966,18.166092397459984,37.78546285908432,1358.4910596108148,55.9515552565443
119,8476880,Tom Wilson,R,WSH,30,79.8726605675743,26.15135536892191,29.53409634881024,1504.4594868020445,55.68545171773215
120,8480014,Gabriel Vilardi,C,WPG,25,74.97166797939904,29.84607789401063,25.334952671756422,1425.8149213185582,55.18103056576705
121,8474578,Erik Karlsson,D,PIT,34,81.14029597388439,11.53934236244028,43.58757981359062,1937.7933663271756,55.1269221760309
122,8475786,Zach Hyman,L,EDM,32,80.07929308909507,26.98916090018882,27.8202364004949,1573.9078524483946,54.80939730068372
123,8483515,Juraj Slafkovsky,L,MTL,20,78.02932164619052,16.68986139635219,38.00288866748123,1383.509382960636,54.692750063833415
124,8474565,Alex Pietrangelo,D,VGK,34,79.8726783431062,10.482362312435685,44.09080791201887,1862.4453086000156,54.57317022445455
125,8476906,Shayne Gostisbehere,D,CAR,31,81.08662776566102,14.107405018393894,40.33124146360867,1581.4634873353543,54.43864648200257
126,8480865,Noah Dobson,D,NYI,24,81.11313116664579,9.58521283248274,44.733437464264426,1983.2609515224951,54.318650296747165
127,8477986,Brandon Montour,D,SEA,30,80.05383912875853,18.396149767821797,35.8962763253249,1883.084594648979,54.292426093146695
128,8473994,Jamie Benn,L,DAL,35,81.01475964484388,21.05614988960589,33.20344901533956,1249.4141032161835,54.25959890494545
129,8482175,JJ Peterka,R,BUF,22,79.0164620738458,26.288438343440365,27.466646951496006,1349.4376005569309,53.75508529493637
130,8482665,Matty Beniers,C,SEA,22,81.05044890560498,21.48535544336643,31.91109092740181,1448.76344131341,53.39644637076824
131,8480188,Fabian Zetterlund,L,SJS,25,80.39207238845918,24.739852631281998,28.591513459574987,1455.222934728282,53.33136609085699
132,8482113,Anton Lundell,C,FLA,23,81.02234827890446,22.54660624986067,30.68533225454206,1369.23195929562,53.231938504402734
133,8476462,Dougie Hamilton,D,NJD,31,79.32441827802262,11.021900322652982,41.85409270936739,1721.6564696682442,52.875993032020375
134,8477496,Elias Lindholm,C,BOS,30,81.06174806062975,19.311689037103026,33.49452822765207,1564.105922676107,52.80621726475509
135,8482702,Logan Stankoven,C,DAL,21,80.05514584545136,18.594085205162774,34.076481416652186,1251.3232336677381,52.670566621814956
136,8483431,Logan Cooley,C,UTA,20,81.0133721743023,19.176495303475697,33.39985870207239,1300.3829212993553,52.57635400554809
137,8481656,Aliaksei Protas,C,WSH,23,78.87317802442725,20.074085822310444,32.48912532098912,1151.4894949286697,52.56321114329956
138,8482745,Mason McTavish,C,ANA,21,74.34710024991786,20.544284287717414,31.9570986247649,1229.3788446861442,52.50138291248231
139,8482149,Cole Perfetti,C,WPG,22,81.01561834594774,18.49402525512444,33.69520023232296,1153.2141303165206,52.1892254874474
140,8474586,Jordan Eberle,R,SEA,34,77.97641438592188,23.843680630039596,28.068287865183766,1329.4519700577007,51.91196849522336
141,8484153,Leo Carlsson,C,ANA,20,81.01506313845206,24.24596304902436,27.53731759974699,1453.3034296968247,51.78328064877135
142,8479410,Mikhail Sergachev,D,UTA,26,79.4739308219227,12.788501810026608,38.52907362473457,1981.6700734904587,51.31757543476118
143,8480893,Kirill Marchenko,R,CBJ,24,74.5606325461772,23.172845492376343,28.075168965691674,1401.5510091247313,51.24801445806801
144,8480145,Neal Pionk,D,WPG,29,81.0735250272803,10.101644228881849,41.0678109685061,1725.807343359266,51.16945519738795
145,8481580,Connor McMichael,C,WSH,23,76.99273691594291,30.326808238673785,20.76929049348129,1332.6395289982595,51.09609873215507
146,8476882,Teuvo Teravainen,C,CHI,30,81.03152806574359,21.545448571014493,29.23394887787575,1383.1582283413634,50.77939744889024
147,8478397,Rasmus Andersson,D,CGY,28,81.0980994462025,15.33082301593283,35.39998732476277,1983.6022536852556,50.7308103406956
148,8478498,Jake DeBrusk,L,VAN,28,80.73163520196886,22.05289081988588,28.55555613176874,1350.6358073072035,50.60844695165462
149,8476474,Stefan Noesen,R,NJD,31,80.19738458406735,25.99164013119815,24.502780831498832,1088.532553042755,50.49442096269698
150,8480015,Owen Tippett,R,PHI,25,81.02986534631266,23.782872149117352,26.644824851510826,1391.1471682898182,50.42769700062818
151,8477426,Nick Paul,L,TBL,29,79.96540352615193,22.548654371112313,27.802480828666535,1363.26237566031,50.35113519977885
152,8475191,Reilly Smith,R,NYR,33,80.43182888685317,17.89804957229945,32.374927512156525,1312.5624441697828,50.272977084455974
153,8474679,Gustav Nyquist,R,NSH,35,81.03235837344786,22.051700603177142,28.178947464061157,1442.5829364333108,50.2306480672383
154,8475765,Vladimir Tarasenko,R,DET,33,79.731569884818,17.835006504312947,32.2160081731091,1228.7592525561356,50.051014677422046
155,8476483,Rickard Rakell,R,PIT,31,81.05307372855873,26.187960060404773,23.658415027036423,1445.5871464083536,49.846375087441196
156,8482671,Owen Power,D,BUF,22,81.07818243112254,11.597921366839042,38.06828863469079,1839.2066982072204,49.666210001529834
157,8484166,Adam Fantilli,C,CBJ,20,80.95095445407546,20.6797268049888,28.971323169737783,1330.7085891836434,49.65104997472658
158,8478462,Nicolas Roy,C,VGK,27,81.01223630749412,19.857657606041602,29.70771431836887,1315.8561315812603,49.56537192441047
159,8475170,Brayden Schenn,C,STL,33,81.0504121099724,18.914477769829237,30.626487705193934,1476.7080598100633,49.54096547502317
160,8475314,Anders Lee,L,NYI,34,81.0037311194226,27.259173638789115,22.24161812545586,1334.8574493802835,49.50079176424498
161,8478458,Jack Roslovic,C,CAR,27,80.6830333621564,29.4193990997546,19.746883947511527,1236.523368709336,49.16628304726613
162,8477416,Oliver Bjorkstrand,R,SEA,29,80.03649941473387,21.331731688617673,27.692000558783647,1284.0374939485391,49.02373224740132
163,8475799,Nino Niederreiter,R,WPG,32,80.99601488280061,28.454645364826536,20.568315091808028,1216.961508401537,49.022960456634564
164,8475722,Jason Zucker,L,BUF,32,80.44028777541367,20.714094128823458,28.246929636734922,1193.055762750751,48.96102376555838
165,8482110,Dawson Mercer,C,NJD,23,81.04900492601887,22.30870422310186,26.348655679785168,1452.2574628248533,48.65735990288702
166,8475784,Jeff Skinner,L,EDM,32,81.05609683529462,23.949497073959712,24.207398732802414,1248.100154196099,48.15689580676212
167,8481711,Matias Maccelli,L,UTA,24,79.16731084581168,15.34129976203604,32.61304841973634,1261.7440600852285,47.954348181772374
168,8478469,Thomas Chabot,D,OTT,27,78.86707947043816,9.316706283150276,38.61280595407721,1933.2268455953918,47.929512237227485
169,8481528,Dylan Cozens,C,BUF,23,81.03567260420421,20.303963398738517,27.530120224865758,1419.678493723474,47.83408362360427
170,8482720,Matthew Knies,L,TOR,22,80.99515390314862,23.123772131130913,24.49318285579079,1273.284520040891,47.6169549869217
171,8476479,Phillip Danault,C,LAK,31,81.01138901325733,13.36285755871139,34.20813820736335,1460.2408418531704,47.57099576607474
172,8475768,Jaden Schwartz,C,SEA,32,79.5902283616402,18.891535314821397,28.469618603173387,1384.6413747963413,47.361153917994784
173,8478047,Michael Bunting,L,PIT,29,80.06997644735075,20.826718887168646,26.471427160273397,1223.7659251876944,47.298146047442046
174,8477495,Seth Jones,D,CHI,30,77.43329404187679,10.942186367286164,35.977341271981736,2016.335154526723,46.9195276392679
175,8478396,Noah Hanifin,D,VGK,27,81.09354117793202,13.01458274597077,33.87684215543579,1844.2664323256904,46.89142490140656
176,8477501,Valeri Nichushkin,R,COL,29,53.07743999722648,22.624154131212045,24.108507044805194,1347.3467432795528,46.73266117601724
177,8482705,Cole Sillinger,C,CBJ,21,80.96573482842057,17.70964084346732,29.01659189241315,1359.9683601953911,46.72623273588047
178,8477346,MacKenzie Weegar,D,CGY,30,81.0797297688764,12.353749276612044,34.23960574907639,1889.1780111189526,46.59335502568843
179,8473986,Alex Killorn,L,ANA,35,80.94283430377365,19.927090255584787,26.596360848206775,1465.0361700665267,46.52345110379156
180,8482124,Quinton Byfield,R,LAK,22,81.00884283812994,14.853686095011033,31.578299436449498,1361.1870963484705,46.43198553146053
181,8476399,Blake Coleman,C,CGY,33,81.00714180519327,22.930257312031628,23.439500756370386,1385.4639565183804,46.369758068402014
182,8477451,Ryan Hartman,R,MIN,30,75.11124390299857,22.019397408570175,24.13575187365004,1246.7632206017677,46.155149282220215
183,8474150,Mikael Backlund,C,CGY,35,81.00458486981685,19.112690841928497,26.926420235924624,1571.6227645136712,46.03911107785312
184,8478407,Vince Dunn,D,SEA,28,62.543331855683235,10.045323878697449,35.9287306761028,1485.24724437429,45.97405455480025
185,8478401,Pavel Zacha,C,BOS,27,81.03894139000559,18.54963563225754,27.26751769157551,1485.8654894226747,45.817153323833054
186,8481542,Moritz Seider,D,DET,23,81.06645639593441,6.011783102680254,39.634615083072504,1905.9770176707123,45.64639818575276
187,8482475,Yegor Chinakhov,R,CBJ,23,74.04262328493192,21.211785917832415,24.212747798301375,1300.3658897054913,45.424533716133794
188,8478366,Frank Vatrano,R,ANA,30,79.93920554649974,21.713318002664806,23.68579563294381,1419.2610221371726,45.399113635608614
189,8478055,Gustav Forsling,D,FLA,28,81.07508006443848,11.922427567354758,33.25198059349367,1836.3931117164177,45.17440816084843
190,8479525,Ross Colton,C,COL,28,70.69394912794152,27.45434023338259,17.414931514285016,1057.4316677970546,44.86927174766761
191,8479325,Charlie McAvoy,D,BOS,27,81.1096588730619,11.664782399801807,33.08863816412227,1990.0704182599072,44.75342056392408
192,8477476,Artturi Lehkonen,L,COL,29,62.5139527630809,21.213528554888388,23.324453831457152,1365.4998588785375,44.53798238634554
193,8478542,Evan Rodrigues,C,FLA,31,80.98476533657616,19.308115605895985,24.936631392702598,1304.6272387933313,44.244746998598586
194,8476392,Adam Lowry,C,WPG,31,80.95832967051886,14.030832279614346,30.087104195936696,1283.9674026484838,44.11793647555104
195,8481533,Trevor Zegras,C,ANA,23,78.82754637198997,16.17645393912191,27.680089821922618,1436.1570019737771,43.85654376104453
196,8476480,Vladislav Namestnikov,C,WPG,32,80.95385842084332,18.67281969559586,25.08184477090054,1170.224060885438,43.75466446649639
197,8477948,Travis Sanheim,D,PHI,28,81.0625674437278,14.51034184943168,29.183809866542,1982.4539174758916,43.694151715973675
198,8480064,Josh Norris,C,OTT,25,66.45197382181146,25.043147827266367,18.49828165426201,1501.847171325233,43.541429481528375
199,8483808,Andrei Kuzmenko,L,CGY,28,78.8100479243862,14.820949075609253,28.557703770655724,1258.2394314303062,43.37865284626498
200,8480829,Jesperi Kotkaniemi,C,CAR,24,80.94785719876997,14.68425345590142,28.614184417330293,1126.029825694421,43.29843787323171
201,8479425,Filip Hronek,D,VAN,27,80.8866293457695,8.320718526539164,34.95242359406022,1903.3895375873399,43.27314212059939
202,8479345,Jakob Chychrun,D,WSH,26,72.46602698341428,18.807551081479104,24.3976204102838,1657.6483586954457,43.205171491762904
203,8477479,Tyler Bertuzzi,L,CHI,29,80.82567919782771,22.054192132277972,21.056595064560497,1308.9456183322104,43.11078719683847
204,8477998,Warren Foegele,L,LAK,28,80.97251180840819,22.45949656652254,20.558135613749577,1168.965779115073,43.017632180272116
205,8481524,Bowen Byram,D,BUF,23,78.15467333247214,13.671971651372756,29.215761570781396,1746.0659733194314,42.887733222154154
206,8478233,Andrew Mangiapane,L,WSH,28,80.97192116236577,19.9912504473706,22.79067675904516,1239.4623894378476,42.78192720641576
207,8478046,Danton Heinen,L,VAN,29,80.34562892435491,16.86865827691595,25.84699243406842,1142.2471746997894,42.71565071098437
208,8481068,Yegor Sharangovich,C,CGY,26,73.72041914442602,23.24237852353955,19.34575913486999,1300.9200299095228,42.588137658409536
209,8477987,Ryan Donato,C,CHI,28,78.69228048179468,24.666579948681918,17.7739669764268,1116.1487655802252,42.44054692510872
210,8477456,J.T. Compher,L,DET,29,79.79340592713467,17.904103058022788,24.41982671083768,1485.6855206601094,42.32392976886047
211,8478038,Devon Toews,D,COL,30,76.81325784546385,8.573285599544262,33.72500768605035,1829.7899505902928,42.29829328559461
212,8482105,Jake Sanderson,D,OTT,22,80.98722471815893,8.275724857849447,33.90906036970601,1932.7442910970599,42.18478522755546
213,8476458,Ryan Strome,C,ANA,31,80.95772716098018,16.26812805681427,25.869594119682453,1313.4119172479664,42.13772217649672
214,8480797,Joel Farabee,L,PHI,24,80.98127906629881,17.50239738218103,24.56706592454951,1287.9040219745186,42.06946330673054
215,8476921,Jordan Martinook,L,CAR,32,80.92323976308248,19.74395267865853,22.231780755904982,1216.543207975601,41.97573343456351
216,8480802,Ryan McLeod,C,BUF,25,80.9475669667364,19.336186807089916,22.47972714386093,1224.2481867990948,41.81591395095084
217,8477503,Max Domi,C,TOR,29,79.99687513687422,9.11671163294239,32.549228633024406,1189.8525242874282,41.665940265966796
218,8475848,Brendan Gallagher,R,MTL,32,78.7733078558275,25.0124619347204,16.075588239322904,1156.6194841631168,41.0880501740433
219,8477932,Aaron Ekblad,D,FLA,28,80.16658752558054,7.800170549521075,33.109176838527915,1817.2627832925689,40.90934738804899
220,8481554,Kaapo Kakko,R,NYR,23,78.56271883834086,16.00068328673676,24.77017115816257,1111.3194148049502,40.77085444489933
221,8471724,Kris Letang,D,PIT,37,78.11389333776464,9.901017521346164,30.836642507804452,1899.3570271613535,40.73766002915062
222,8477505,Alexander Wennberg,C,SJS,30,80.98847178443701,16.731278272849476,23.996468481226216,1492.7912484060864,40.727746754075696
223,8482157,Will Cuylle,L,NYR,22,80.78313570835326,19.4971640612392,21.04012049924196,999.3998276341006,40.53728456048116
224,8475218,Mattias Ekholm,D,EDM,34,81.07613698822873,10.212528979165839,30.160922447167078,1811.3238046951444,40.37345142633292
225,8482159,Tyson Foerster,R,PHI,22,79.99083810050473,22.1111350520656,18.2502512452256,1330.0179076886209,40.3613862972912
226,8477444,Andre Burakovsky,L,SEA,29,79.52895172991417,9.620011656559514,30.61515265385184,1210.1686033671986,40.235164310411356
227,8476438,Brandon Saad,L,STL,32,77.92703133824239,20.939281207786763,19.205974679599848,1237.1514102207484,40.14525588738661
228,8475287,Erik Haula,L,NJD,33,81.00224274655669,17.609290648762848,22.519315139385554,1297.9510070757933,40.128605788148406
229,8477494,Jonathan Drouin,L,COL,29,58.27264526729198,10.949795810663819,29.00818078730879,1189.8897874151012,39.9579765979726
230,8482122,Brock Faber,D,MIN,22,81.03456379732125,7.9036408308961335,32.0499472370444,2041.3001919394533,39.95358806794053
231,8482660,Kent Johnson,C,CBJ,22,64.01300758144951,15.943288702834396,23.99385339522008,969.2153599649287,39.93714209805447
232,8477919,Frederick Gaudreau,C,MIN,31,80.83746341325116,14.544319995421313,25.216568494835176,1189.4466853616743,39.76088849025649
233,8473422,Nick Foligno,L,CHI,37,80.73129928930716,21.20043457360943,18.402301961949565,1391.8393213328063,39.602736535558996
234,8480459,Pius Suter,C,VAN,28,79.52625743355986,22.262232031756657,17.336777301495303,1229.5946423403407,39.599009333251956
235,8476826,Yanni Gourde,C,SEA,33,80.97163101322015,13.757573356875005,25.640443790080564,1359.746200614282,39.39801714695557
236,8480762,Eric Robinson,L,CAR,29,78.94617391343036,16.15225802782382,23.204972189758166,1003.5768102760936,39.357230217581986
237,8478891,Mason Appleton,C,WPG,28,80.61128426654146,15.868634366335147,23.435527590667952,1266.3432332670739,39.3041619570031
238,8482684,Luke Hughes,D,NJD,21,70.24173069695705,6.3965634538181835,32.69574550583561,1505.149308897857,39.09230895965379
239,8480028,Morgan Frost,C,PHI,25,75.77387525624533,12.796334953738187,26.271919397581154,1219.8933633059278,39.06825435131934
240,8477498,Darnell Nurse,D,EDM,29,78.0160800961425,10.287254229768124,28.511010053652548,1721.0537474709377,38.79826428342067
241,8475200,Dmitry Orlov,D,CAR,33,81.02478853833907,10.492112430808286,28.092488577983435,1530.2307319725803,38.58460100879172
242,8477511,Anthony Mantha,R,CGY,30,69.36595437101519,19.07680308157652,19.435230618329282,1062.0709133442415,38.5120336999058
243,8476923,Damon Severson,D,CBJ,30,80.97526038131966,12.244768994923835,26.182519398717172,1768.0317029822456,38.42728839364101
244,8475745,Charlie Coyle,C,BOS,32,80.99512992093454,18.25766055521399,20.165053193357203,1454.7623969683202,38.4227137485712
245,8482146,Luke Evangelista,R,NSH,22,79.95026784447336,15.039355430685244,23.365723726094586,1097.7576574377138,38.405079156779834
246,8476419,Jean-Gabriel Pageau,C,NYI,32,80.93578403811013,17.562761885022688,20.748081844230356,1377.1672091570194,38.310843729253044
247,8476927,Teddy Blueger,C,VAN,30,79.34259943364066,13.17320087590727,24.996546090419642,1195.3267331349357,38.16974696632691
248,8480873,Rasmus Sandin,D,WSH,24,80.09021022404981,8.984945139779843,28.97588777946487,1648.7605651600934,37.96083291924471
249,8476981,Josh Anderson,R,MTL,30,80.7168773508145,19.24140600453666,18.71170098968192,1237.5151210473573,37.95310699421858
250,8476869,Brady Skjei,D,NSH,30,81.0578323634849,10.354410722912423,27.571266527439644,1739.5325605258201,37.92567725035207
251,8477429,Andrew Copp,C,DET,30,80.93607419884509,18.58650561604582,19.315908360381783,1302.8172074461982,37.9024139764276
252,8478133,Jake Evans,C,MTL,28,80.56830678208608,13.360903490003528,24.406558804748386,1304.9642388293014,37.767462294751915
253,8476892,Colton Parayko,D,STL,31,81.05416099862317,10.780877698850237,26.921177156667532,1981.4828798158212,37.70205485551777
254,8480798,Philipp Kurashev,C,CHI,25,78.42431093479479,16.571239140885172,21.059329528096175,1396.2096391565233,37.63056866898135
255,8470613,Brent Burns,D,CAR,39,81.05223520462171,6.555191709206521,30.918579354851143,1791.5314235692979,37.473771064057665
256,8477021,Alexander Kerfoot,C,UTA,30,80.94965854608033,12.873820745970283,24.563090488745306,1368.2724975625545,37.43691123471559
257,8476958,Jaccob Slavin,D,CAR,30,81.03941519097707,6.332063335085397,31.059192816659877,1745.6285755052493,37.391256151745274
258,8482079,Marco Rossi,C,MIN,23,62.98594685477761,15.222557652107223,22.036656400049022,1352.761234583559,37.259214052156246
259,8482089,Jake Neighbours,L,STL,22,80.94213455452412,22.975143725884124,14.051804845390054,1302.932370870019,37.026948571274175
260,8474149,Evgenii Dadonov,R,DAL,35,79.33370811760506,18.68399981616805,18.06351415967908,1143.7056092034559,36.74751397584713
261,8477407,Anthony Duclair,L,NYI,29,56.977820673778,17.96085130500139,18.654374054711592,1058.4398999924076,36.61522535971298
262,8474641,Adam Henrique,C,EDM,34,80.98387369891645,16.89685780397,19.691706381001755,1311.2288005926644,36.58856418497176
263,8476872,Scott Laughton,C,PHI,30,80.9385146279388,12.934587838926564,23.59639759982979,1282.1182142871767,36.53098543875635
264,8478463,Anthony Beauvillier,L,PIT,27,80.96125690501178,19.548513734174232,16.958086535584968,1135.330929483924,36.506600269759204
265,8484145,Zach Benson,L,BUF,19,74.70890711808829,17.51063764291319,18.881956969424543,1097.8988601026654,36.39259461233773
266,8480849,Barrett Hayton,C,UTA,24,76.98672170576305,18.992680883705855,17.327214457275357,1355.1797390260078,36.31989534098121
267,8475753,Justin Faulk,D,STL,32,81.08078031340875,8.374588280295576,27.904459314518792,1875.2281195482697,36.27904759481437
268,8474102,David Perron,L,OTT,36,69.06602976624966,14.864550295580008,21.339612956622634,1091.4429425395692,36.20416325220264
269,8476854,Hampus Lindholm,D,BOS,30,76.65185569611054,10.42540100809478,25.698792298421736,1743.7769774942556,36.12419330651652
270,8481032,Paul Cotter,C,NJD,25,78.64760856108472,20.336503897470845,15.503818220974562,1069.425444595727,35.84032211844541
271,8480185,Eetu Luostarinen,C,FLA,26,80.92755079386427,15.130949137184656,20.547263600014773,1303.161682100903,35.67821273719943
272,8479398,Samuel Girard,D,COL,26,80.73753936516766,4.1498407166979545,31.48377426002557,1674.4520248720496,35.63361497672352
273,8478466,Daniel Sprong,R,SEA,27,71.25603300670544,15.42521060615049,20.177305991987676,883.2323150781586,35.602516598138166
274,8474037,James van Riemsdyk,L,CBJ,35,74.90203069971011,17.09896572593499,18.262315483941094,1003.2122823669038,35.36128120987608
275,8480434,Sean Durzi,D,UTA,26,64.1211756249305,7.171278022881899,28.167105013074092,1478.0239761996459,35.33838303595599
276,8473533,Jordan Staal,C,CAR,36,80.89238224451307,14.927027787968996,20.33212389665557,1258.9665485195378,35.25915168462457
277,8479390,Taylor Raddysh,R,WSH,26,80.82948275093784,15.770407721893514,19.360324080775797,1204.5448313521772,35.13073180266931
278,8481618,Alex Newhook,C,MTL,23,80.35759853646228,19.8183533144548,15.30155777738668,1270.1862886402646,35.11991109184148
279,8480009,Eeli Tolvanen,R,SEA,25,80.93395981190126,20.247422864052506,14.87157428075429,1195.01826526706,35.1189971448068
280,8483457,Lane Hutson,D,MTL,20,78.95268280736298,6.4902972603599185,28.42231883613694,1892.7960512439763,34.91261609649686
281,8475760,Nick Bjugstad,C,UTA,32,71.42961506681216,18.35275490387735,16.52876219225792,1174.5576061226236,34.88151709613527
282,8478013,Jake Walman,D,SJS,28,71.96177311990826,9.045059115171092,25.743430267761287,1593.0097664535158,34.78848938293238
283,8478474,Lawson Crouse,L,UTA,27,80.907398018683,19.736209049991718,14.760313790267997,1330.2873555239532,34.496522840259715
284,8482092,Ridly Greig,C,OTT,22,77.91490884435616,14.239653847604549,20.195881252618598,1191.2884445058116,34.43553510022315
285,8478115,Pierre Engvall,L,NYI,28,72.35740230794745,16.832686417117202,17.289550226337983,1067.6922849379014,34.12223664345518
286,8478438,Tommy Novak,C,NSH,27,64.8105602657849,14.767467755461889,19.250816221063207,1055.628590181072,34.0182839765251
287,8474189,Lars Eller,C,WSH,35,82.87710999972437,15.847659172469356,17.74820308828724,1312.9509890889342,33.5958622607566
288,8475149,Marcus Johansson,L,MIN,34,79.70808617551307,12.648249492259476,20.839327833136952,1282.7161442009303,33.48757732539643
289,8479992,Michael Rasmussen,C,DET,25,79.30379732719284,16.021668375568098,17.367333945422228,1143.2309648806886,33.38900232099033
290,8478136,Jake Middleton,D,MIN,28,80.98129139971469,8.623885386449585,24.680642660825058,1633.231222509489,33.304528047274644
291,8476292,Ondrej Palat,L,NJD,33,79.89660352303136,13.58900969693025,19.53836225909149,1191.6755959632521,33.12737195602174
292,8477969,Marcus Pettersson,D,PIT,28,81.05866969413125,4.025241854681959,29.094388424872783,1805.5839913943835,33.11963027955474
293,8480113,Alex Iafallo,L,WPG,31,80.91461899641455,13.273975007471122,19.83027309550147,1146.177648003446,33.10424810297259
294,8479987,Morgan Geekie,C,BOS,26,75.37977826011,12.145384377635027,20.730229770965718,1095.1835323804974,32.87561414860075
295,8481581,Thomas Harley,D,DAL,23,64.96042382450142,6.508160982336145,26.294659902963133,1744.2070069489753,32.802820885299276
296,8479365,Trent Frederic,C,BOS,26,80.93121059564753,15.558019648836597,17.222451633714364,1109.3005824705479,32.78047128255096
297,8479353,Brett Howden,C,VGK,26,79.7209299194749,20.81173868050071,11.946795958167018,1142.9282116938077,32.758534638667726
298,8476463,Jonas Brodin,D,MIN,31,77.16484452156011,7.8756531646041035,24.553161220780712,1827.117729907547,32.42881438538482
299,8475763,Kevin Hayes,R,PIT,32,71.77398438979702,15.350740087139089,17.020625552207058,985.3208203367083,32.371365639346145
300,8478472,Mathieu Joseph,R,STL,27,71.83415865753003,11.85691784814069,20.499511277706485,1107.5667603320442,32.35642912584717
301,8482730,Brandt Clarke,D,LAK,21,69.2614630997331,7.604180329801914,24.664128638129775,1440.3447109552412,32.26830896793169
302,8482655,J.J. Moser,D,TBL,24,80.251484104096,6.871395916683542,25.36923490601448,1703.9578196204,32.24063082269802
303,8475171,Oliver Ekman-Larsson,D,TOR,33,81.01909446171965,5.951863804724661,26.18573131176572,1623.5721269213122,32.13759511649038
304,8476885,Jacob Trouba,D,NYR,30,80.82139107647559,5.035693271052363,26.939746236177097,1727.8462326425793,31.97543950722946
305,8479293,Brandon Tanev,L,SEA,33,79.87806476925469,17.70272401655749,14.206111037596889,1190.479566740752,31.90883505415438
306,8476469,Joel Armia,R,MTL,31,77.65031913431947,12.99600176280479,18.791849370680804,1236.119965621906,31.787851133485596
307,8480068,Ryan Poehling,C,PHI,25,75.64672809222407,10.940653301511599,20.78417079907709,1126.6973117653347,31.724824100588688
308,8482125,Alexander Holtz,R,VGK,22,80.87393494216234,10.958860368302359,20.613614681264735,993.879784811207,31.572475049567096
309,8480855,Jack McBain,C,UTA,24,76.74012651053974,16.05756977002271,15.485367634553306,1034.2489122847312,31.542937404576016
310,8478413,Jordan Greenway,L,BUF,27,74.22262471709176,14.11512004876571,17.39254321948581,1284.59273941995,31.50766326825152
311,8479351,Sam Steel,C,DAL,26,78.86874056147764,10.427117829525896,20.835261427528312,1084.5681479298828,31.262379257054207
312,8482055,Drew O'Connor,L,PIT,26,79.19005157051929,15.92124337913136,15.29360447757816,1272.1755320148993,31.21484785670952
313,8477450,Jason Dickinson,C,CHI,29,80.88065848511181,15.761388843146497,15.447656524193281,1315.0346334011622,31.209045367339776
314,8482117,Lukas Reichel,L,CHI,22,76.86614799787415,10.820769297396057,20.21977842678687,1055.0009654422083,31.04054772418293
315,8482679,Matt Coronato,R,CGY,22,74.24345886124568,18.27639715949473,12.707175364414875,1077.2959090543613,30.983572523909608
316,8476902,Esa Lindell,D,DAL,30,80.96858821525893,7.292041312907054,23.689647534151234,1715.5252374510762,30.981688847058287
317,8475220,Marcus Foligno,L,MIN,33,79.51732000122692,14.957274270824623,15.920538007691416,1152.06498543982,30.87781227851604
318,8477845,Trevor van Riemsdyk,D,WSH,33,80.77804494789987,1.9650537088084636,28.903174069525615,1536.4667723020507,30.86822777833408
319,8478042,Viktor Arvidsson,L,EDM,31,64.0615958186823,12.321240746000491,18.47274219260976,1256.075264940003,30.793982938610252
320,8483490,Pavel Mintyukov,D,ANA,21,77.56084856188002,10.128548230467178,20.0343633777227,1595.5619752812418,30.162911608189876
321,8475343,Nic Dowd,C,WSH,34,79.73893730521839,16.75273199655133,13.227911782760335,1256.0712608728663,29.980643779311663
322,8478882,Vladislav Gavrikov,D,LAK,29,80.99071112297734,7.039512894432298,22.861967113703482,1793.7088807700175,29.90148000813578
323,8480817,K'Andre Miller,D,NYR,24,80.99253792644043,6.667027681047603,22.923078362451108,1782.9490807347477,29.59010604349871
324,8483445,Cutter Gauthier,L,ANA,20,79.99202313848832,9.06603913581077,20.39060959125152,1183.2533943249098,29.456648727062287
325,8478434,Keegan Kolesar,R,VGK,27,80.83075600504426,14.19172148625036,15.202522708644487,968.8308082757209,29.394244194894846
326,8474151,Ryan McDonagh,D,TBL,35,80.51550799492452,2.700147314288644,26.662379950339545,1762.2784541763347,29.362527264628188
327,8482803,Olen Zellweger,D,ANA,21,75.34618621484103,12.224840342219661,17.093791983317907,1590.7256307261782,29.318632325537568
328,8481535,Nils Hoglander,L,VAN,24,76.31422117874445,14.576701926415893,14.736162414771126,1019.6679192209643,29.31286434118702
329,8476871,Tanner Pearson,L,VGK,32,74.55123811577566,11.532112162202354,17.698162689934914,1064.5012095786346,29.23027485213727
330,8477506,Ryan Pulock,D,NYI,30,80.55709950272569,2.937647849892723,26.229573925693867,1847.4192705506937,29.16722177558659
331,8483505,Matthew Poitras,C,BOS,20,72.0259131210917,9.460842126509958,19.69237429167364,985.0424585303988,29.153216418183597
332,8476461,Sean Couturier,C,PHI,32,61.10655158868049,10.578871663110768,18.524174356301415,1449.4658277930405,29.103046019412183
333,8477989,Christian Dvorak,C,MTL,28,72.4611241391378,10.326700732162564,18.431766158030143,1228.2668342461195,28.758466890192707
334,8479316,Luke Kunin,C,SJS,27,80.70278694979784,12.984969430468693,15.730714694611605,1237.4865606117587,28.715684125080298
335,8480078,Filip Chytil,C,NYR,25,56.43577144067057,12.049298233966967,16.524708292405553,1125.3444422515038,28.57400652637252
336,8475764,Cam Fowler,D,ANA,33,73.80693660362942,2.949947464857384,25.606392666975186,1765.1296004086903,28.55634013183257
337,8470621,Corey Perry,R,EDM,39,80.88544318757802,16.11177969640661,12.352918601112362,1014.0312628469792,28.46469829751897
338,8482155,Alex Laferriere,R,LAK,23,57.03363580181285,17.110471563732183,11.334792676942802,1187.5080206774091,28.445264240674987
339,8475193,Tomas Tatar,L,NJD,34,80.90745932618643,11.238202586765235,17.168679663424864,1004.5818455789178,28.4068822501901
340,8475197,Tyson Barrie,D,CGY,33,65.52429797424676,7.23132273745065,21.0205304840556,1267.5509281709508,28.251853221506252
341,8478500,Ivan Provorov,D,CBJ,27,80.9795808590968,4.1619585957039895,24.04438862254365,1887.0050715058467,28.20634721824764
342,8475791,Taylor Hall,L,CHI,33,69.69831400959788,10.330276938038745,17.77219872205143,1266.8321423499865,28.102475660090178
343,8477220,Nate Schmidt,D,FLA,33,79.56595208317131,9.434505712640828,18.149557403773777,1310.7048418585982,27.584063116414605
344,8481601,Simon Holmstrom,R,NYI,23,74.08516278363766,12.300010611671565,15.208059620321546,1181.7413845779633,27.50807023199311
345,8475225,Craig Smith,C,CHI,35,78.19392932273541,16.115723129771574,11.327953136199406,882.6040143619763,27.44367626597098
346,8480073,Erik Brannstrom,D,VAN,25,76.47045553942651,7.314609036090492,20.08397838285032,1264.2111397878373,27.39858741894081
347,8481624,Ilya Mikheyev,R,CHI,30,76.03770810335172,13.589705723969466,13.745435840298486,1174.5503690486473,27.33514156426795
348,8477406,Mattias Janmark,C,EDM,32,80.83676014884101,7.360732260345467,19.712693812380557,1038.7420574494988,27.073426072726022
349,8481186,Logan O'Connor,R,COL,28,80.87682130075416,11.540622291339526,15.52882107806478,1254.0826764783483,27.069443369404304
350,8481546,Cam York,D,PHI,23,61.228487437304175,9.132282074801257,17.92383694321547,1542.7675957396223,27.056119018016727
351,8475324,Nick Jensen,D,OTT,34,80.92872789482725,3.7130774655150507,23.316697327282263,1645.5901446165192,27.029774792797312
352,8478020,Michael Amadio,R,OTT,28,80.02061905140327,13.881891502436638,12.933276543657842,1124.114929294125,26.815168046094477
353,8481477,Nico Sturm,C,SJS,29,76.02287966342476,13.3567948245838,13.29430160346907,983.2745321963782,26.651096428052867
354,8482087,Kaiden Guhle,D,MTL,22,74.86795077438347,7.192816166672332,19.297208651431117,1617.05180035385,26.49002481810345
355,8478099,Kevin Labanc,R,CBJ,29,55.56514428829123,6.227667060767748,20.204157172281946,917.7697947990199,26.431824233049692
356,8482073,Braden Schneider,D,NYR,23,80.2065415896459,6.451589259399246,19.95849255768166,1328.582113862133,26.410081817080904
357,8477903,Garnet Hathaway,R,PHI,33,80.81465528853306,10.706763148484258,15.657291431011341,1004.9902285531526,26.3640545794956
358,8481517,Brett Leason,R,ANA,25,67.08855291049899,9.638670177001385,16.556384551009728,973.3852941018587,26.195054728011115
359,8478109,Victor Olofsson,L,VGK,29,59.34814565979774,14.726084523815333,11.351328404606452,845.1772127492261,26.077412928421786
360,8481522,Peyton Krebs,C,BUF,23,79.62131418657789,8.977987017040235,17.013233931525882,1020.4625080435728,25.991220948566117
361,8480835,Jack Drury,C,CAR,24,65.12013388955319,10.264986777007937,15.688831385283303,1026.8668854534887,25.953818162291242
362,8481604,Pavel Dorofeyev,L,VGK,24,42.4980766832697,17.022144933776875,8.868470241364541,1208.9570471859374,25.890615175141416
363,8479998,Mikey Anderson,D,LAK,25,80.88108944042466,8.473960862243846,17.398980313047964,1736.850648329297,25.87294117529181
364,8480220,Noah Cates,L,PHI,25,68.72992267262316,8.513458037777625,17.357772722509505,1085.6827760905617,25.87123076028713
365,8476891,Matt Grzelcyk,D,PIT,30,80.97287714749781,2.0530967960115647,23.7791370045662,1535.9376665879126,25.832233800577765
366,8480748,Kiefer Sherwood,L,VAN,29,55.703400787651844,12.26822903652029,13.516276647214966,1058.517633949571,25.784505683735254
367,8478911,Matt Roy,D,WSH,29,70.43709250703121,5.851818328116408,19.910612158221255,1450.0484092960864,25.762430486337664
368,8481523,Kirby Dach,C,MTL,23,57.54944512581799,6.5970647068245265,19.04158765912101,1418.9691584482496,25.638652365945536
369,8474716,Jared Spurgeon,D,MIN,35,58.423736260048706,4.872186930526337,20.564738748691873,1611.9228624200707,25.43692567921821
370,8482809,Jackson Blake,R,CAR,21,79.91438676612036,14.09484319162216,11.323095549153658,1039.9114944667358,25.417938740775817
371,8476979,Erik Gustafsson,D,DET,32,75.63607497929075,2.84872460235237,22.5579338425782,1349.0703239753818,25.40665844493057
372,8479520,Brandon Duhaime,R,WSH,27,80.51746988377229,14.042506946047078,11.30309169884787,993.7877928470026,25.34559864489495
373,8479671,Mathieu Olivier,R,CBJ,27,68.62832218566277,14.36585922233037,10.935877910773234,988.0991722899182,25.301737133103604
374,8478057,Dakota Joshua,C,VAN,28,56.71531309607326,11.171107944671734,14.006454999513966,921.7505148464404,25.177562944185702
375,8476967,Brett Kulak,D,EDM,30,80.9309699451164,9.24841783931276,15.82315802605359,1412.5874095505558,25.07157586536635
376,8477478,William Carrier,L,CAR,30,74.54353566696923,11.496732781345242,13.48156771865885,940.8725437469221,24.978300500004092
377,8480003,Jesper Boqvist,C,FLA,26,78.88954658578966,11.915204738899025,12.87638959755105,1027.8890435202877,24.791594336450075
378,8479344,Jesse Puljujarvi,R,PIT,26,70.7639256561481,10.052035382137996,14.71863387380368,903.3734518744798,24.770669255941677
379,8479941,Justin Danforth,R,CBJ,31,55.28830925466004,11.4338989156474,13.316389795234326,1173.4062060107888,24.750288710881726
380,8476925,Colton Sissons,C,NSH,31,79.86134303866372,12.442959338437037,12.303691450677958,1269.8048676327826,24.746650789114994
381,8476525,Colin Miller,D,WPG,32,78.03666533204029,6.5532155187017205,18.07108651144653,1228.514440933133,24.62430203014825
382,8478970,Jalen Chatfield,D,CAR,28,78.06181128176205,6.14232009461371,18.468311568838597,1343.5352766560316,24.61063166345231
383,8477953,Kasperi Kapanen,R,EDM,28,69.61217943925938,10.284332993602986,14.246103399812522,975.2675380081604,24.530436393415506
384,8476374,Sean Kuraly,C,CBJ,31,80.25865012609339,10.881039745675283,13.619080385353525,1049.2746140599581,24.500120131028808
385,8473453,Trevor Lewis,C,LAK,37,80.777629775184,11.461312722439402,12.945415757040562,943.2189762653136,24.406728479479966
386,8478859,Niko Mikkola,D,FLA,28,80.87643040590574,2.0640422623707138,22.259286714562226,1630.7376561856886,24.323328976932938
387,8480049,Dylan Samberg,D,WPG,25,78.99320308170202,6.851899471603677,17.444295540601527,1454.211856774381,24.296195012205203
388,8476917,Adam Pelech,D,NYI,30,68.68251288032093,2.741589552251032,21.465135865238068,1491.293658187783,24.2067254174891
389,8482737,Zack Bolduc,C,STL,21,73.36632740633122,6.870959503075085,17.149916923955494,903.9717594849676,24.02087642703058
390,8476931,Jake McCabe,D,TOR,31,80.95453236289951,2.198570061855689,21.722576831589347,1726.0959783855396,23.921146893445037
391,8482762,Simon Edvinsson,D,DET,21,73.24082989893722,9.372774082852148,14.486863777110422,1619.7114474568205,23.859637859962568
392,8476312,Josh Manson,D,COL,33,79.73165110901631,5.571860196802208,18.2576030571663,1473.0403239424734,23.82946325396851
393,8476918,Jimmy Vesey,L,NYR,31,69.88038368724128,13.793727983140439,10.009661913041361,876.9560430321568,23.8033898961818
394,8477952,Robby Fabbri,C,ANA,28,65.39278671756158,13.654148176917891,9.943287595366392,1113.327406057934,23.597435772284285
395,8480336,Sean Walker,D,CAR,30,77.87266897054477,6.924033010195344,16.239466097457328,1457.2383409580477,23.163499107652672
396,8478399,Jonas Siegenthaler,D,NJD,27,80.93430807798978,3.4932163516032104,19.50317195172666,1659.782530337964,22.99638830332987
397,8476393,Nick Cousins,C,OTT,31,80.57379360336354,8.306147922814311,14.667619085124885,923.892608773763,22.973767007939195
398,8476467,Jamie Oleksiak,D,SEA,32,80.92970814388683,7.310131345997358,15.65098421473047,1631.8319321827285,22.961115560727826
399,8478851,Alexandre Carrier,D,NSH,28,80.60225918688639,4.036545996618048,18.874905309034283,1596.6962649209536,22.91145130565233
400,8479393,Noah Gregor,L,OTT,26,73.83182467576957,12.358559969660554,10.516562723560748,975.6028265002918,22.8751226932213
401,8474013,Ian Cole,D,UTA,35,80.84678160633571,3.6910788158878316,19.16286115985326,1581.514925624691,22.853939975741092
402,8481568,Alex Vlasic,D,CHI,23,65.99962492279147,1.8193022925250977,20.983311484879422,1827.302691787687,22.80261377740452
403,8476897,Oskar Sundqvist,C,STL,30,68.82753217656297,11.276405404506988,11.497029712180442,949.504643614051,22.77343511668743
404,8481481,Blake Lizotte,C,PIT,27,63.61854254739617,11.31073492279045,11.117982480178357,769.745096833057,22.428717402968807
405,8476889,Radek Faksa,C,STL,30,80.8034933256057,9.53478477518233,12.742121870809754,1063.6185350568342,22.276906645992085
406,8478569,Noel Acciari,C,PIT,33,78.70100589757368,9.985739989188687,12.094526696682834,1118.8129402031395,22.08026668587152
407,8479661,Tanner Jeannot,L,LAK,27,76.4159708828063,11.575013978525504,10.299691930977758,946.6450338466706,21.874705909503263
408,8477015,Connor Brown,R,EDM,30,77.46670161663856,10.591613415003275,11.051735746926557,1109.755335898782,21.643349161929834
409,8482097,Jack Quinn,R,BUF,23,50.23621459459481,7.319071949074703,14.322611089715522,1217.6932907535913,21.641683038790227
410,8474574,Tyler Myers,D,VAN,34,80.86706382782631,4.368279329222549,17.267086605523094,1581.2837037067636,21.635365934745643
411,8479414,Nathan Bastian,R,NJD,27,62.72227985205124,10.023279022259798,11.496373768004137,761.1239552677605,21.519652790263933
412,8478416,Erik Cernak,D,TBL,27,79.11880111183103,2.0152983334921615,19.397841549716546,1570.1096444543593,21.413139883208707
413,8474034,Patrick Maroon,L,CHI,36,76.37027825242717,5.398526547287299,16.005081630644092,955.3556825866347,21.403608177931392
414,8477947,Sonny Milano,L,WSH,28,54.384534288292976,8.995724903979237,12.333902658619763,812.8469701386824,21.329627562599
415,8480806,Isac Lundestrom,C,ANA,25,74.34953802120313,11.490330645711468,9.809282494282707,1151.1954715909048,21.299613139994175
416,8477507,Nikita Zadorov,D,BOS,29,80.90009175377844,2.8792627774524258,18.318009715557032,1498.4395497717371,21.197272493009457
417,8475179,Dmitry Kulikov,D,FLA,34,80.87077251303403,7.53956461229195,13.584953434069801,1504.0094974921578,21.12451804636175
418,8476879,Cody Ceci,D,SJS,31,80.93252154606957,1.924863411842538,19.170089476741968,1731.659038794881,21.094952888584505
419,8480813,Joe Veleno,C,DET,24,78.47332053007594,10.07306134959774,10.924911660102888,1040.164147338941,20.99797300970063
420,8480355,Mark Kastelic,C,BOS,25,74.46566985879168,9.449436046618924,11.380555028777344,779.421864693313,20.82999107539627
421,8480281,Alexey Toropchenko,R,STL,25,77.22052979852087,9.973181332237019,10.843042282176826,1006.3912449019015,20.816223614413843
422,8479336,Carl Grundstrom,R,SJS,27,72.7187986138619,8.040213112428264,12.74376439115324,796.7578539929425,20.783977503581504
423,8477425,Miles Wood,L,COL,29,64.06800746996765,11.213490471875295,9.559085950176522,984.9615150080141,20.772576422051817
424,8480860,Kevin Bahl,D,CGY,24,77.31756326710543,1.7442237578529256,18.991845145958973,1554.2856088190676,20.736068903811898
425,8482062,Cole Smith,R,NSH,29,78.74756063870102,10.096307941389744,10.6016960908398,1082.1706133592907,20.698004032229544
426,8477446,Michael McCarron,C,NSH,29,71.41232843871171,10.615783596459416,10.050127575458735,995.637116648768,20.66591117191815
427,8481596,Shane Pinto,C,OTT,24,42.836078339965006,8.143774750090117,12.460091750759874,1284.8355346065916,20.60386650084999
428,8479977,Kailer Yamamoto,R,UTA,26,59.25925277435593,9.342884445239054,11.257713150159242,852.398821485362,20.6005975953983
429,8480144,David Kampf,C,TOR,29,78.78595439316767,5.6952702861388875,14.891407483163473,1064.437830838945,20.586677769302362
430,8477839,Conor Sheary,L,TBL,32,61.93366817527567,7.347042463815451,13.185527204131919,819.8240413190738,20.53256966794737
431,8483524,Shane Wright,C,SEA,20,76.74083282253633,10.024261699964315,10.48149605939641,1006.2632556485391,20.505757759360726
432,8481577,Philip Tomasino,R,NSH,23,52.10496749621241,6.417732083855748,14.054962592824616,897.9233031686904,20.472694676680362
433,8476331,Dylan DeMelo,D,WPG,31,80.9097979691712,2.1421172171875353,18.307684915986407,1754.3260447123494,20.449802133173943
434,8476473,Connor Murphy,D,CHI,31,79.47117757215817,1.698909118409429,18.63595970457874,1641.751600620435,20.33486882298817
435,8474673,TJ Brodie,D,CHI,34,77.32591456253039,1.767684040742086,18.542363775877973,1526.397027237331,20.31004781662006
436,8478421,A.J. Greer,L,FLA,28,73.13137322240394,8.271849970290837,11.991824159498334,813.3299436288124,20.263674129789173
437,8482142,Jamie Drysdale,D,PHI,22,71.17132410821644,5.996939232055524,14.169789146071784,1545.7141893132357,20.16672837812731
438,8476934,Brock McGinn,L,ANA,30,67.3346990216563,10.224746554376955,9.852773856601148,960.1691263936837,20.077520410978103
439,8476429,Scott Mayfield,D,NYI,32,79.5012247246516,3.409548843420521,16.559566246940175,1560.596577793191,19.969115090360695
440,8480043,Timothy Liljegren,D,SJS,25,65.04608385605314,4.500953642463835,15.43921382458569,1357.3734272600484,19.940167467049523
441,8475233,David Savard,D,MTL,34,76.78894396283678,1.8205915325911046,18.03165053355613,1607.033460812854,19.852242066147237
442,8473507,Jeff Petry,D,DET,37,75.29479275016958,2.4153881744906642,17.390902486498785,1502.541793412091,19.80629066098945
443,8476278,Colin Blackwell,C,DAL,31,64.59689941536635,8.09212703226748,11.647820932225494,1029.5546253128111,19.739947964492977
444,8475208,Brian Dumoulin,D,ANA,33,80.80952187153113,1.8439288604079387,17.83192797811041,1521.1120201483036,19.67585683851835
445,8479371,Dante Fabbro,D,CBJ,26,69.71670939802897,4.402068671236603,15.091616162512715,1238.6493837977773,19.493684833749317
446,8480192,Johnathan Kovacevic,D,NJD,27,78.07407991772106,4.641505455269261,14.745098376462764,1516.9621482180198,19.386603831732025
447,8475842,Sam Carrick,C,NYR,32,78.97022548376606,8.106785897143936,11.24256807080807,932.7302238877165,19.349353967952005
448,8481014,Alexander Romanov,D,NYI,24,70.42669877514282,2.8344901796336113,16.41505767028774,1501.0103350724764,19.249547849921353
449,8476457,Adam Larsson,D,SEA,32,80.87831017974406,4.452914736806298,14.777888157468416,1822.628451021793,19.230802894274714
450,8482101,Danil Gushchin,L,SJS,22,64.72436617571199,5.622563418758529,13.60718952602743,898.5410058498848,19.229752944785957
451,8480448,Parker Kelly,C,COL,25,79.68723655252232,7.295489267519531,11.90504772557821,1010.3680107030282,19.200536993097742
452,8475181,Nick Leddy,D,STL,33,63.25137773349357,2.57653304047451,16.40097764108599,1438.613401053518,18.9775106815605
453,8480289,Morgan Barron,C,WPG,26,79.79994145215711,10.462089430470032,8.502123574531584,897.9832445833248,18.964213005001618
454,8480035,Henri Jokiharju,D,BUF,25,72.53311603807589,3.6948712545349327,15.220955314429006,1445.4558015454877,18.915826568963936
455,8484387,Matvei Michkov,R,PHI,20,29.734732453241122,7.566024441514221,11.301187860239613,1401.6457744873335,18.867212301753835
456,8481606,Jordan Spence,D,LAK,23,59.09566854985218,4.177855538683448,14.677215199566866,1311.5588781200083,18.855070738250316
457,8482245,Artem Zub,D,OTT,29,69.2530355979645,2.4759215229004603,16.32934782332727,1475.5666037616506,18.805269346227732
458,8480246,Nick Perbix,D,TBL,26,65.99033661552949,4.1053717113442865,14.692363397793098,1262.221003754754,18.797735109137385
459,8482077,Dylan Holloway,L,STL,23,56.70423638197216,9.806538293332196,8.879574492299087,1089.301908101313,18.68611278563128
460,8481641,Joel Kiviranta,L,COL,28,79.47678824065883,11.624252034590675,7.010002956479933,937.7023603579465,18.63425499107061
461,8480950,Ilya Lyubushkin,D,DAL,30,80.33795718568308,1.6913889679362255,16.86765919432974,1399.2317802776556,18.559048162265967
462,8480796,Martin Fehervary,D,WSH,25,80.44609301223205,2.4400285978259557,16.1172087181362,1634.2424301581923,18.557237315962155
463,8481617,Vasily Podkolzin,R,EDM,23,72.95361767509355,4.8537278463800035,13.680229731235245,1005.5089903886637,18.533957577615247
464,8474870,Tyler Johnson,C,BOS,34,46.606531966404766,8.729698101638814,9.724727572810874,1008.9448996773962,18.454425674449688
465,8479402,Jake Bean,D,CGY,26,60.70577083719354,4.3688418966169325,14.077591729043213,1180.7212593588097,18.446433625660145
466,8476372,Nick Seeler,D,PHI,31,72.68365786491526,3.26489650583873,15.04114230904189,1287.0898988083386,18.30603881488062
467,8483468,Jiri Kulich,C,BUF,20,68.03061823654538,9.037602740595336,9.14801881299591,1047.877116550123,18.185621553591247
468,8478508,Yakov Trenin,C,MIN,27,80.75046599725674,9.397436986852338,8.77987350599945,1157.0966656591893,18.177310492851788
469,8479591,Michael Eyssimont,C,TBL,28,67.49979705608705,6.69115540428133,11.441984318405748,921.9153432837061,18.133139722687076
470,8479983,Mario Ferraro,D,SJS,26,80.89801338010756,2.801662436563918,15.320675954513641,1792.2485035690092,18.12233839107756
471,8482148,Hendrix Lapierre,C,WSH,22,71.80647435571802,6.515767322919947,11.585158977709185,839.6226147365747,18.100926300629133
472,8474715,Cam Atkinson,R,TBL,35,57.63971318324493,9.046364278781484,8.940025134571368,1079.1390538221578,17.986389413352853
473,8475462,Radko Gudas,D,ANA,34,80.50865550022824,2.370660509018288,15.575505272327014,1549.0661277659221,17.9461657813453
474,8470600,Ryan Suter,D,STL,39,80.83178475138477,3.4560895109994276,14.454895707602425,1704.4359734867662,17.91098521860185
475,8478432,Christian Fischer,R,DET,27,79.03644227691524,8.15631640119572,9.740374602073198,951.625926460343,17.89669100326892
476,8479980,Nicolas Hague,D,VGK,26,67.71114782674748,5.403519733141652,12.484281027735559,1276.21166417362,17.887800760877212
477,8477488,Brett Pesce,D,NJD,30,71.13052187244037,3.739610331458562,14.14205713045382,1513.4490208069546,17.881667461912382
478,8475231,Casey Cizikas,C,NYI,33,80.75125324107748,8.084650658866675,9.736251612859384,1114.023483149723,17.82090227172606
479,8482074,Connor Zary,C,CGY,23,42.736064689944854,8.391800579759252,9.172777067358393,1341.5434813006111,17.564577647117645
480,8478904,Steven Lorentz,C,TOR,28,79.21001019190805,10.376648187231098,7.142047467272264,845.4755083208196,17.51869565450336
481,8477499,Rasmus Ristolainen,D,PHI,30,78.11243091916455,5.219186901164649,12.176179425580216,1574.0453258316134,17.395366326744863
482,8477508,Curtis Lazar,C,NJD,29,67.00461661098842,7.6524190171617015,9.646854721861889,849.0902390861933,17.29927373902359
483,8475690,Chris Tanev,D,TOR,35,80.81857722025421,1.5788576066729914,15.69459107682104,1608.9070644730286,17.27344868349403
484,8479324,Ryan Lindgren,D,NYR,26,74.71842501535768,3.883020086065841,13.194496547927157,1501.5916147280063,17.077516633993
485,8475455,Brenden Dillon,D,NJD,34,80.81977709330978,1.6677333379484967,15.253096698309964,1540.7308102998418,16.92083003625846
486,8475188,Brayden McNabb,D,VGK,33,80.83817906966131,3.434093512372371,13.436044883900335,1601.7149807537046,16.870138396272708
487,8477365,Connor Clifton,D,BUF,29,79.59310535794376,2.14044576025769,14.569313801440236,1323.461914869351,16.709759561697926
488,8480891,Michael Kesselring,D,UTA,24,40.40752615154431,4.698949472409316,11.992813845226491,1421.975328004446,16.691763317635807
489,8478043,Sam Lafferty,C,BUF,29,79.36784088086634,9.09236840231397,7.483644680169631,934.8802441864542,16.5760130824836
490,8476441,Joel Edmundson,D,LAK,31,65.06556854516998,6.427580374964366,10.070588048901177,1499.7019348443418,16.498168423865543
491,8476624,Barclay Goodrow,C,SJS,31,80.77282363634548,8.471596757212776,7.9132539044465355,1153.5624195088076,16.38485066165931
492,8478840,Will Borgen,D,SEA,28,80.61866807140468,3.4718559733541356,12.894306972516953,1367.762812001754,16.36616294587109
493,8477979,Nicolas Aube-Kubel,R,BUF,28,61.78503627040933,6.176971646089308,9.8153475086272,777.5897148547265,15.992319154716508
494,8479370,Tyson Jost,C,CAR,26,60.78168761345039,7.523793381800786,8.336800039486338,765.4840960916349,15.860593421287124
495,8479066,Ryan Lomberg,L,CGY,30,80.71009001086746,5.951719850239703,9.819931679786263,793.1190899936008,15.771651530025967
496,8482733,Logan Mailloux,D,MTL,21,49.886970320456875,6.147422467637857,9.615200063398673,1187.7371999006439,15.76262253103653
497,8475279,Ben Chiarot,D,DET,33,80.76696585029408,2.7359574609951713,12.993096315803925,1668.1562738375392,15.729053776799097
498,8477931,Tomas Nosek,L,FLA,32,58.220434968432656,5.66779568772906,9.74413438103872,825.3081698634549,15.41193006876778
499,8474567,Zach Bogosian,D,MIN,34,75.4490542404049,5.633887282697213,9.744523234631595,1394.7083422277165,15.378410517328808
500,8475790,Erik Gudbranson,D,CBJ,32,63.456763215410476,2.380457050039233,12.864017198261628,1282.3044949510543,15.244474248300861
501,8476856,Mathew Dumba,D,DAL,30,73.32175744159038,3.1073007536334556,12.07531548745297,1457.1097352704824,15.182616241086425
502,8477353,Tyler Motte,C,DET,29,62.940782378173175,6.511490801347711,8.35115946397651,871.9903116410818,14.86265026532422
503,8477369,Carson Soucy,D,VAN,30,75.98123939179465,3.333279864527234,11.494288992887618,1456.8708139067035,14.827568857414853
504,8478443,Brandon Carlo,D,BOS,28,80.7299708432514,3.884552711524261,10.888127083340684,1582.4745342589886,14.772679794864946
505,8477573,Nathan Walker,L,STL,30,51.34228370199979,7.7977153089393,6.90807100437871,866.4651156099654,14.705786313318011
506,8478831,Kevin Stenlund,C,UTA,28,73.38139275417753,7.3552357445456185,7.349657786847436,1084.7797337604782,14.704893531393054
507,8482659,Josh Doan,R,UTA,22,61.897916185459025,7.9893425104834375,6.6008408933533795,926.730178794057,14.590183403836818
508,8482713,Mackie Samoskevich,R,FLA,22,73.64953018801216,8.08369636521901,6.417729068827386,905.0432080338379,14.501425434046396
509,8480980,Connor Dewar,C,TOR,25,58.81001270732404,6.330510354869889,8.07015708531387,749.2904734844504,14.40066744018376
510,8478585,Derek Ryan,C,EDM,38,78.631374683195,5.130242493804779,9.227625572116567,817.0535495929479,14.357868065921346
511,8479976,Juuso Valimaki,D,UTA,26,70.00705041782864,2.1389247604221926,12.202998242235319,1439.8310608175195,14.341923002657511
512,8479369,Andrew Peeke,D,BOS,26,71.21342255053328,1.9343068557854994,12.363640357969532,1332.962225514942,14.29794721375503
513,8479996,Cody Glass,C,PIT,25,41.146162335072425,4.035700595093082,10.247524189804876,961.2288748742882,14.283224784897957
514,8479359,Beck Malenstyn,L,BUF,26,67.59442389448488,5.878108393047689,8.268826403529662,1006.3982856593371,14.146934796577352
515,8480727,Zach Whitecloud,D,VGK,28,79.56617498162879,4.60657135658104,9.236402148105089,1434.8845133356992,13.842973504686128
516,8474090,Brendan Smith,D,DAL,35,61.2456381363172,1.6523431962844741,12.082329720057714,1125.7008343316897,13.734672916342188
517,8480878,Nils Lundkvist,D,DAL,24,63.260556659137364,2.5653329637804023,11.16713413648169,1128.3512172610147,13.732467100262093
518,8480871,Adam Boqvist,D,FLA,24,38.61687321406559,3.129292290140922,10.34956261044949,1155.616400139609,13.478854900590413
519,8482176,Wyatt Kaiser,D,CHI,22,75.32677835344296,3.3334228708557485,10.023863248474806,1395.9631665832712,13.357286119330555
520,8480789,Oliver Wahlstrom,R,NYI,24,54.27039945598287,6.097947180564519,7.001135366180403,824.2515931737064,13.099082546744922
521,8473446,Erik Johnson,D,PHI,36,73.85601823190144,3.9358627931774683,8.996068000919637,1116.1507320708358,12.931930794097106
522,8483499,Liam Ohgren,L,MIN,20,63.72495679706462,4.991066688566322,7.9148833714538815,797.4038077969456,12.905950060020203
523,8483495,Simon Nemec,D,NJD,20,63.441358458575216,4.325140510624524,8.41128772898707,1301.672172299529,12.736428239611595
524,8480074,Alexandre Texier,C,STL,25,42.55983414847239,4.689775361883784,7.932966816450923,1064.9271205058046,12.622742178334708
525,8483489,Fraser Minten,C,TOR,20,43.405707047369106,5.86464415200567,6.664439413331662,829.4214793926818,12.52908356533733
526,8478178,Darren Raddysh,D,TBL,28,35.12602180147877,2.661037201032475,9.851481307742578,1346.07384912539,12.512518508775052
527,8476878,Zemgus Girgensons,C,TBL,30,78.84197150559703,6.556392851297028,5.937604909232382,937.3300997255008,12.49399776052941
528,8477435,Ryan Graves,D,PIT,29,77.71586526696888,2.384675457131642,10.023999884133234,1370.857173289183,12.408675341264876
529,8481553,Bobby Brink,R,PHI,23,24.851866821775324,4.325478725686647,7.840403474705516,1044.7220873859733,12.165882200392163
530,8474157,Max Pacioretty,L,TOR,36,24.643720043794872,4.567514574770613,7.5803454139606865,1028.171670757741,12.1478599887313
531,8479543,Michael Pezzetta,L,MTL,26,53.94496947591526,4.565020834808275,7.495686766206755,537.9728500262422,12.060707601015029
532,8481028,Martin Pospisil,C,CGY,25,41.5334089834322,3.214959084289545,8.629997893109788,1045.3126673632034,11.844956977399333
533,8480848,Ty Dellandrea,C,SJS,24,53.832830035793876,4.774085911689034,7.062207836032405,1025.4904040180452,11.836293747721438
534,8482858,Ryker Evans,D,SEA,23,27.236795778044822,3.574635650452704,8.219973440015954,1650.4878161347908,11.794609090468658
535,8480845,Rasmus Kupari,C,WPG,24,70.32077627084062,6.575191867991079,5.218609692861196,800.5624058975801,11.793801560852275
536,8482259,Bobby McMann,C,TOR,28,32.60750466632443,9.018418276871222,2.65912282903985,1030.6464218627987,11.677541105911072
537,8480172,Jan Rutta,D,SJS,34,80.71483295658861,1.7676444628502268,9.784023804222127,1503.4081943849083,11.551668267072353
538,8475718,Justin Holl,D,DET,32,66.45955253090915,1.5786477731616186,9.95400984309176,1236.59284833293,11.532657616253378
539,8479772,Zack MacEwen,R,OTT,28,68.93652528922908,6.412351315076963,5.006881249421697,648.403696475629,11.41923256449866
540,8480196,Jacob Bryson,D,BUF,27,55.338592899285935,1.1787911102455644,9.802661609476118,1100.9219940344751,10.981452719721682
541,8478468,Jeremy Lauzon,D,NSH,27,80.62922755319383,2.4050193380555394,8.497858760447379,1523.4032324776742,10.902878098502917
542,8481598,Philip Broberg,D,STL,23,18.042304122247256,2.436150131813177,8.289473740171829,1166.105293085208,10.725623871985006
543,8481122,Simon Benoit,D,TOR,26,76.54349256343889,1.8906995031350502,8.782244886280477,1344.1841644630235,10.672944389415527
544,8474166,Alec Martinez,D,CHI,37,52.04606427833322,1.7291991840393022,8.926978790166267,1361.3053227573953,10.65617797420557
545,8482859,Zack Ostapchuk,C,OTT,21,53.56929848870011,3.504145082570841,7.096491445871985,734.2154287417801,10.600636528442827
546,8481178,Egor Zamula,D,PHI,24,32.717341580540904,1.5991732244116568,8.97992425851226,1254.9443272457322,10.579097482923917
547,8474709,Matt Martin,L,NYI,35,66.1488469325378,4.205841917980488,6.330040135346343,656.4713166396039,10.53588205332683
548,8484958,Maxim Tsyplakov,R,NYI,26,22.05599056373123,2.1475135014438558,8.341542658102705,1365.3372465614539,10.48905615954656
549,8475825,Jani Hakanpää,D,TOR,32,60.462527074252996,2.1617074749015703,8.079947194874428,1169.9532202846265,10.241654669775999
550,8482145,Mavrik Bourque,C,DAL,22,65.73978633299296,3.9203950662718174,6.307643601582477,857.6012349341357,10.228038667854294
551,8475235,Nicolas Deslauriers,L,PHI,33,65.33845291742044,4.297997334091439,5.891512493573206,571.7345282428071,10.189509827664644
552,8482144,Jack Thompson,D,SJS,22,37.88292348747584,4.0094593753985945,6.084926182275413,1169.0062715926415,10.094385557674007
553,8476874,Olli Maatta,D,UTA,30,76.55946582733115,1.7852199138262115,8.255336050675158,1355.7674959968133,10.040555964501369
554,8480011,Klim Kostin,C,SJS,25,51.27838622273404,4.51354837572594,5.525125829084705,717.9481559567507,10.038674204810645
555,8475177,Calvin de Haan,D,COL,33,69.67309839971124,1.8151533020300805,8.197056328253062,1257.5057208906467,10.012209630283142
556,8477070,Liam O'Brien,C,UTA,30,53.91523918646125,4.415125918609164,5.569010404040164,648.8337532180468,9.984136322649327
557,8478874,Adam Gaudette,R,OTT,28,22.31105136907964,8.594911585887102,1.3798743213975395,847.7657258403985,9.974785907284641
558,8475750,Jon Merrill,D,MIN,32,72.26420827416024,1.4609565239706248,8.460360183849378,1021.1298555721995,9.921316707820003
559,8476422,Mike Reilly,D,NYI,31,52.2846238051947,2.610600607192139,7.23411869911617,1231.3388369698291,9.84471930630831
560,8474568,Luke Schenn,D,NSH,35,80.17365689575742,3.1871883573169963,6.539159051936692,1257.8746053287707,9.726347409253687
561,8481567,Henry Thrun,D,SJS,23,35.463014867053914,0.5760145818419349,9.120548551051984,1471.7728643581718,9.69656313289392
562,8471677,Jack Johnson,D,CBJ,37,76.30892212661645,1.7762339612135682,7.744346556945735,1195.0803593010605,9.520580518159303
563,8482177,Marat Khusnutdinov,C,MIN,22,79.23497270811659,1.869129604411445,7.642333253918662,983.089356379696,9.511462858330107
564,8480058,Pierre-Olivier Joseph,D,STL,25,48.9271282646075,1.0062613821494888,8.4984699968044,1104.5385505448464,9.50473137895389
565,8477335,Kyle Burroughs,D,LAK,29,57.551449965235754,1.853897642669978,7.503547702839434,1224.5828146521742,9.357445345509412
566,8481789,Tye Kartye,L,SEA,23,44.22683220267244,5.102280841313327,4.147321431079222,916.9752335851172,9.249602272392549
567,8477944,Jakub Vrana,L,WSH,28,22.407310476925296,5.167414845771535,4.078576878738566,906.1447389450384,9.245991724510102
568,8476960,Andreas Athanasiou,C,CHI,30,31.62631182603552,3.8240132356088887,5.410437246289281,891.6528723731155,9.23445048189817
569,8480807,Mattias Samuelsson,D,BUF,24,48.91286833471774,3.103803646122302,6.049019057704638,1430.4449471716832,9.15282270382694
570,8474612,Travis Hamonic,D,OTT,34,72.6476780987168,1.6488696138775825,7.424995809326866,1301.6024887605454,9.073865423204449
571,8476822,Luke Glendening,C,TBL,35,80.4655045541021,4.581069509624537,4.482258390667414,934.2998941077732,9.06332790029195
572,8477527,Ross Johnston,L,ANA,30,42.85480606073873,2.526958321782847,6.4622255887201,651.3967742865153,8.989183910502948
573,8476442,Matt Nieto,L,PIT,32,43.988930326786765,3.6053401467206747,5.284081614625696,825.8565048243628,8.88942176134637
574,8471817,Ryan Reaves,R,TOR,37,72.11110557915232,3.475417433699484,5.369508176649891,647.7035577754501,8.844925610349375
575,8479372,Joshua Mahura,D,SEA,26,56.21596422655388,1.257546135983116,7.532614836470531,1006.101245712391,8.790160972453647
576,8481043,Cole Koepke,L,BOS,26,23.65910945140831,4.363273976014902,4.347473097303515,830.0823385172895,8.710747073318418
577,8480880,Jakub Lauko,C,MIN,24,42.35211339556003,4.2743709895551145,4.390531416464226,823.0170739054709,8.66490240601934
578,8475762,Derek Forbort,D,VAN,32,45.402945499402875,1.5676244020757284,7.071596005775721,1199.8837199515895,8.639220407851449
579,8481704,Juuso Parssinen,C,NSH,23,21.5728628216607,3.6180563076151127,4.9964443797855616,1020.8727123628287,8.614500687400675
580,8479638,Justin Brazeau,R,BOS,26,21.385834469984275,4.327636246293902,4.23858042334406,1017.1879361725221,8.566216669637962
581,8482070,Mitchell Chaffee,R,TBL,26,20.75795410312321,5.319803634288405,3.2240085726436885,1008.7109027912722,8.543812206932094
582,8481716,Dmitri Voronkov,L,CBJ,24,18.008953263301674,5.568504770321511,2.9716141663926394,1000.9845547828239,8.540118936714151
583,8484801,Macklin Celebrini,C,SJS,18,15.72606085553101,4.706259879136976,3.831213284362955,1399.7756909450184,8.53747316349993
584,8483930,Ivan Ivan,C,COL,22,42.686135394185214,4.736482032353484,3.6277297510713145,939.5284717840995,8.364211783424798
585,8480995,Pontus Holmberg,R,TOR,25,37.512787409432946,3.295354480340635,4.847386334546466,965.1777836899486,8.142740814887102
586,8481556,John Beecher,C,BOS,23,31.529259533103303,3.1041543374095446,5.027457743483465,914.0920861444251,8.13161208089301
587,8483482,Tristan Luneau,D,ANA,20,38.73189337329595,3.2142099884082507,4.9160194469587335,1186.384591319695,8.130229435366985
588,8483447,Conor Geekie,C,TBL,20,28.62430622741931,3.839391864716087,4.000900258334323,1013.085423126709,7.840292123050411
589,8482511,Mason Lohrei,D,BOS,23,20.488667841492287,1.2131126878121137,6.576920676876083,1347.1013669557806,7.790033364688196
590,8478452,Caleb Jones,D,LAK,27,38.24210944066369,1.8501023295505936,5.787579200667248,970.9706482978495,7.637681530217842
591,8476988,Matt Benning,D,TOR,30,41.09183841194892,1.4460111454833953,6.041793059759157,1173.601361392764,7.487804205242552
592,8481042,Nikolai Kovalenko,R,COL,25,21.92022794771995,3.141989315133036,4.191488415573113,1021.347310810382,7.333477730706149
593,8477993,Justin Kirkland,C,CGY,28,18.403590095901684,2.088878342251698,5.152254420929625,799.174786091944,7.241132763181323
594,8483460,David Jiricek,D,CBJ,21,40.332658651503266,1.078577961778416,6.102428904623345,961.2698987048796,7.181006866401761
595,8482095,Tyler Kleven,D,OTT,22,53.252715825237736,1.5539285257414484,5.546835533186217,1171.233328616165,7.100764058927665
596,8478424,Jansen Harkins,C,ANA,27,38.350878679698845,2.6453433782257405,4.315212402470953,618.8109548412692,6.960555780696694
597,8480001,Urho Vaakanainen,D,ANA,25,31.160139488432073,0.8788185885514042,6.071300485841704,1152.0266568318075,6.950119074393108
598,8479442,Troy Stecher,D,EDM,30,67.85987211465559,1.8283401489270792,5.077814286370909,1287.1156531017973,6.906154435297989
599,8477384,Joshua Brown,D,EDM,30,47.62957527454523,1.4498765145231856,5.246210032205079,937.0739347482945,6.696086546728265
600,8478409,Anthony Richard,C,PHI,28,8.401194244569794,2.1428766764133655,4.188209141130894,777.1707105790258,6.33108581754426
601,8481013,Jonatan Berggren,R,DET,24,28.835341035098644,4.141150332036084,2.1791795321633787,1055.4781205137497,6.320329864199462
602,8477380,Jonny Brodzinski,C,NYR,31,22.516260292559135,2.3723986934471037,3.878574044408052,790.4743581391252,6.250972737855156
603,8481708,Zac Jones,D,NYR,24,17.565603661798907,1.2569251294796522,4.937714619040278,1173.539571539003,6.194639748519931
604,8480887,Jordan Harris,D,CBJ,24,42.7795753824003,1.0765912983202846,5.02582347370955,1205.3073121585794,6.102414772029834
605,8482751,Ryan Winterton,C,SEA,21,35.38350578909914,2.4256378361854862,3.631936269390509,608.4054030215871,6.057574105575995
606,8481161,Jake Christiansen,D,CBJ,25,23.595542472104164,0.26652437956680675,5.724544040569288,1236.6327103181516,5.991068420136095
607,8477018,Ben Hutton,D,VGK,31,29.14921099086787,1.722347783138203,4.237510310644527,1023.4527639670443,5.959858093782731
608,8479315,Joey Anderson,R,CHI,26,24.71888039148387,1.7468921509360278,4.145637709123939,1001.2928800264488,5.892529860059967
609,8475766,Austin Watson,L,DET,32,44.618155746515235,2.9149509099068807,2.9622696277967018,552.3739719922315,5.877220537703582
610,8479982,Conor Timmins,D,TOR,26,24.2077241212938,1.3378504331542183,4.4912632904928635,1314.3474474715254,5.829113723647081
611,8477244,Chad Ruhwedel,D,NYR,34,48.52410201759263,1.1846783955224702,4.471838585730676,862.0552955769992,5.656516981253146
612,8484304,Uvis Balinskis,D,FLA,28,24.27921025809225,0.12212681924964644,5.466768055365433,1161.615582917885,5.58889487461508
613,8481605,Jackson LaCombe,D,ANA,23,20.963186082507548,2.5545289234240967,2.980153816007135,1447.2109113688518,5.534682739431231
614,8484227,Will Smith,C,SJS,19,25.822551496311206,2.640413240058972,2.8478128572198957,1115.2086521633566,5.488226097278868
615,8481532,Alex Turcotte,C,LAK,23,17.072513630022907,1.1829377658898144,4.255887074169639,827.4314689948606,5.438824840059453
616,8483464,Marco Kasper,C,DET,20,22.41653159973639,2.955066253834315,2.4656671501026777,1188.0659123808969,5.4207334039369925
617,8480990,Declan Chisholm,D,MIN,24,16.13908595647047,0.08211428742603713,5.319363513293349,1239.1021168557745,5.401477800719387
618,8482929,Emil Lilleberg,D,TBL,23,17.42797432317816,0.0676225772360439,5.317440904987108,1189.062409375133,5.385063482223152
619,8479368,Max Jones,L,BOS,26,23.335886280785665,2.5289409240319536,2.7710450225071614,784.8015247104665,5.299985946539115
620,8482476,Emil Heineman,L,MTL,23,19.428055327979465,3.100600780335288,2.100007381621909,840.5648737254828,5.200608161957197
621,8481655,Cole Schwindt,R,VGK,23,18.35079754220395,0.034274354531588724,5.148730543549034,752.4705830105228,5.183004898080623
622,8479619,Michael Carcone,L,UTA,28,26.473123041457487,3.0428972631091713,2.1152579813531625,805.5673589740643,5.158155244462334
623,8481059,Scott Perunovich,D,STL,26,19.40368966619269,2.4207990336011234,2.601916450584349,1112.8607274916476,5.022715484185472
624,8481582,Nicholas Robertson,L,TOR,23,29.317462084503568,3.0470921201045975,1.911499288552486,924.6101011027018,4.9585914086570835
625,8479378,Logan Stanley,D,WPG,26,20.773575748389952,1.5476576053872768,3.3960215507615628,1063.6500455254663,4.943679156148839
626,8482742,Zachary L'Heureux,L,NSH,21,21.888392694203823,1.3240069045022764,3.602077099688662,803.4334913937049,4.926084004190939
627,8479576,Vincent Desharnais,D,VAN,28,39.61571274288142,0.6982642966368823,4.176981772702178,1154.5126911812895,4.8752460693390605
628,8482126,Emil Andrae,D,PHI,22,21.555329898201684,0.49062583591559894,4.352348320007682,1259.5146464765655,4.84297415592328
629,8480879,Jacob Bernard-Docker,D,OTT,24,24.97540746863962,0.47912010010672795,4.3515071609684535,1109.4135917937076,4.830627261075182
630,8477971,Andreas Englund,D,LAK,28,40.07670726363952,2.138066211178085,2.6003790941507123,900.1380562040366,4.738445305328797
631,8484258,Sam Malinski,D,COL,26,24.131593370784387,1.2291851721668783,3.501748618812417,1242.3576652803363,4.730933790979295
632,8482624,Daniil Miromanov,D,CGY,27,23.035927851884033,1.4879960131918128,3.1012503639063977,1545.3581970097812,4.589246377098211
633,8481609,Vladislav Kolyachonok,D,UTA,23,14.015511607014108,1.1504302356451115,3.264020356003184,1006.89555026254,4.414450591648295
634,8482496,Nils Aman,C,VAN,24,17.498777544188897,0.9168254911027569,3.4697907485707113,749.8238568655092,4.386616239673469
635,8479395,Dennis Cholowski,D,NYI,26,13.325096245957479,2.0877795160463273,2.1516054931132174,861.2988151503093,4.239385009159545
636,8483768,Victor Mancini,D,NYR,22,10.197108558351488,1.0806074008201332,3.1376905428682482,1136.9534239252862,4.218297943688381
637,8482111,Justin Barron,D,MTL,23,19.649148890491244,2.2895085899430807,1.91818309762386,1269.496864184776,4.207691687566941
638,8482700,Nolan Allan,D,CHI,21,17.377116992200598,0.05112401742230358,4.153305028404409,1065.2105648482343,4.204429045826712
639,8483429,Seamus Casey,D,NJD,20,9.034401112919632,3.0857061743803733,1.0803259107318102,833.0012831579012,4.1660320851121835
640,8480840,Oskar Bäck,C,DAL,24,14.090638612750922,1.0508269842553164,3.094876165670375,831.8027296343121,4.1457031499256916
641,8476873,Mark Jankowski,L,NSH,30,22.963458584056564,1.3514605039496241,2.665002868942335,941.1845807152614,4.016463372891959
642,8481703,Valtteri Puustinen,R,PIT,25,14.19490994562235,1.4526707086535047,2.5181838422841425,783.3104853367971,3.970854550937647
643,8481527,Kaedan Korczak,D,VGK,23,11.330752775377498,0.15894817752118473,3.565031954982866,1156.1200059586124,3.7239801325040505
644,8481593,Jayden Struble,D,MTL,23,18.842405438346866,0.14171790811787285,3.550582159632472,1207.2083886408436,3.692300067750345
645,8481167,Brayden Pachal,D,CGY,25,35.28247667176494,0.4682291333927874,3.004264001398398,1184.1382996573386,3.4724931347911854
646,8479291,Kevin Rooney,C,CGY,31,25.760956573201874,2.1130691019898684,1.3359949775136362,791.7835649277562,3.4490640795035046
647,8479328,Julien Gauthier,R,NYI,27,16.10122204346266,1.6670591882043144,1.7367548430307205,614.6551759384039,3.4038140312350347
648,8482964,Arber Xhekaj,D,MTL,23,29.684990339937663,0.6996738321495666,2.594779919369803,1201.6433736056583,3.2944537515193693
649,8479981,Jonah Gadjovich,L,FLA,26,25.336436358382286,2.215463904804061,1.0504136964475947,549.6914145573688,3.265877601251656
650,8481563,Drew Helleson,D,ANA,23,5.018264935224369,1.1010150373612797,2.1109356827060433,1076.9096563012392,3.211950720067323
651,8477073,Kurtis MacDermid,L,NJD,30,45.081077723694555,1.0550421531821566,2.1460448499715867,394.63782686473047,3.2010870031537433
652,8481743,Marc Del Gaizo,D,NSH,25,15.28736243211483,0.041091026234474935,3.15149389778317,1212.420303461337,3.1925849240176447
653,8482102,Vasily Ponomarev,C,PIT,22,33.379318912734895,1.2352317095437573,1.645856717703661,618.7540278611756,2.881088427247418
654,8482691,Aatu Raty,C,VAN,22,16.556280949022845,1.3832239282636523,1.39872239526702,752.1864475931983,2.781946323530672
655,8482775,Oliver Kapanen,C,MTL,21,17.50220465394748,0.20207487552876685,2.442725290200366,884.8780233427891,2.644800165729133
656,8481237,Kyle MacLean,C,NYI,25,25.067951153573105,0.21703285949888615,2.37410371099235,818.091802856492,2.591136570491236
657,8474145,Robert Bortuzzo,D,UTA,35,33.75041328486154,0.7034853690784252,1.7740259339472697,892.6961465574599,2.477511303025695
658,8477392,Hudson Fasching,R,NYI,29,14.829623254512818,1.121311582760223,1.3200081909525099,749.3318318783047,2.441319773712733
659,8478408,Travis Dermott,D,EDM,28,31.57679661868903,0.7408496711385997,1.6851068462396142,1123.111878391687,2.425956517378214
660,8482516,Matthew Kessel,D,STL,24,19.8875155030034,0.07904780302710016,2.297038029674294,1149.2425001426423,2.376085832701394
661,8475958,Michael Sgarbossa,C,WSH,32,4.755443028694581,1.148242180396324,1.2057694272391177,704.8347739294334,2.354011607635442
662,8483472,Maveric Lamoureux,D,UTA,20,13.217252938245608,1.0817417988376035,1.1198992813476876,1220.144231543844,2.201641080185291
663,8475795,Dylan McIlrath,D,WSH,32,11.199066220610169,0.0352051657382629,2.1531928647036453,848.0085219792571,2.1883980304419084
664,8481206,John Ludvig,D,COL,24,6.55632275683241,0.06104244827493585,2.1213161984401596,796.718889254535,2.1823586467150955
665,8481726,Adam Edstrom,C,NYR,24,19.583584853603725,1.0806839458042892,1.0720739584562498,701.6228672013594,2.1527579042605387
666,8480851,Akil Thomas,C,LAK,24,10.061999287417176,1.0757677367007832,1.0717700750890233,744.7606547468629,2.1475378117898067
667,8480306,Grant Hutton,D,NYI,29,8.174890366595278,0.037146018095221466,2.0941887162905184,924.0008302671968,2.13133473438574
668,8481732,Andre Lee,L,LAK,24,16.081273743671527,0.024269355124825934,2.074459779255217,734.164687588841,2.0987291343800427
669,8477938,Haydn Fleury,D,WPG,28,14.745415551162239,0.33815030963218806,1.689012496053276,1074.853432929558,2.027162805685464
670,8482726,Samuel Helenius,C,,31,5.0,0.0,2.0,46.35,2.0
671,8479379,Givani Smith,R,SJS,26,16.96609312389164,0.8075426838589018,1.0114990473922099,487.6828989527777,1.8190417312511116
672,8478430,Oliver Kylington,D,COL,27,14.946235231368501,0.4557163947728829,1.328266251225647,1091.1353816916812,1.7839826459985297
673,8482192,Isaak Phillips,D,CHI,23,5.750161466155224,1.2219740943739448,0.5359597111388491,1057.0880273068938,1.7579338055127938
674,8477851,Jordan Oesterle,D,BOS,32,12.71844503191081,0.42745435394010284,1.2393979595677183,961.6068036294942,1.666852313507821
675,8483476,Jonathan Lekkerimaki,R,VAN,20,9.340561216975363,1.3032416616000757,0.3550722158521466,1054.5675232561496,1.6583138774522224
676,8484221,Calum Ritchie,C,COL,19,11.67504846398221,1.284444680694423,0.3260342318879512,906.6828239211012,1.6104789125823742
677,8482460,Matt Rempe,C,NYR,22,26.853169206933686,0.8634888641247342,0.7225831212109142,382.9203521142843,1.5860719853356484
678,8481019,David Gustafsson,C,WPG,24,6.438531809934661,0.3629186487718225,1.149272599506722,596.3559608993394,1.5121912482785445
679,8482451,Mikael Pyyhtia,L,CBJ,23,18.883162279521127,1.134809551730253,0.3714334554432793,1097.9976416047498,1.5062430071735324
680,8476913,Devin Shore,C,MIN,30,9.483540567755227,0.48004667669427814,0.9877393804555485,537.4524677651955,1.4677860571498267
681,8480834,Ty Emberson,D,EDM,24,22.213816150737745,0.08866076811613773,1.3422095050579967,1306.060752724354,1.4308702731741345
682,8483549,Lucas Condotta,L,MTL,27,7.039646791373408,1.0838101701767053,0.12131716898358738,554.9383006974653,1.2051273391602928
683,8481591,Sam Poulin,R,PIT,23,6.049525750234732,0.0635076241591212,1.1323936179685121,639.3300753130884,1.1959012421276334
684,8481030,Jack St. Ivany,D,PIT,25,18.483746864802953,0.041965928631777706,1.116046011827129,1213.4507897579156,1.1580119404589067
685,8479465,Drake Caggiula,L,EDM,30,4.112243700413705,0.039156157073180826,1.1070149686667665,608.9792457042854,1.1461711257399474
686,8482169,Helge Grans,D,PHI,22,2.8273005548916315,0.05311414683626941,1.087060039602881,1094.7513845075057,1.1401741864391504
687,8483503,Owen Pickering,D,PIT,20,3.8137783775302943,0.047929602819053674,1.084871711378185,1003.4367550877367,1.1328013141972386
688,8475413,Justin Dowling,C,NJD,34,11.254798856780042,0.043086486866628464,1.0834176294486804,605.3697862347193,1.126504116315309
689,8483395,Arshdeep Bains,L,VAN,23,10.093915609314536,1.0590819050185076,0.05790754913065419,848.7892796620745,1.1169894541491618
690,8482201,Gage Goncalves,C,TBL,23,6.931424043515278,0.03956401255484234,1.069844515515116,852.558507822356,1.1094085280699584
691,8483567,Georgii Merkulov,C,BOS,24,3.858149680633952,0.03633220593859227,1.0649169066519677,800.4680091396876,1.10124911259056
692,8475780,Chris Wagner,R,COL,33,13.273599126979931,1.0622811705979813,0.038329258777316175,547.8258210057919,1.1006104293752974
693,8477887,Patrick Brown,C,BOS,32,7.565018808323223,0.39963161030676925,0.6684067437284152,660.1451634469511,1.0680383540351845
694,8481133,Cole Reinhardt,L,OTT,24,2.7707026465106837,0.02295927195232163,1.0417642202797655,517.8968423700933,1.0647234922320872
695,8476391,T.J. Tynan,C,,32,7.0,0.0,1.0,54.483333333333,1.0
696,8481491,Noah Philp,C,,26,3.0,0.0,1.0,30.633333333333,1.0
697,8477810,Joel Hanley,D,CGY,33,10.826517638086411,0.203213051391503,0.7960531303911113,861.530119410055,0.9992661817826143
698,8477462,Robert Hagg,D,VGK,29,6.427417287395254,0.26646212130308955,0.6275984832529418,914.8531682712115,0.8940606045560313
699,8478454,Noah Juulsen,D,VAN,27,12.138070280827595,0.12540176034077802,0.6587330782115253,1037.0810056968799,0.7841348385523033
700,8479718,Alex Barré-Boulet,C,MTL,27,4.388839754522056,0.29731351790151633,0.34540498601258157,722.9539989766872,0.6427185039140979
701,8482094,Daemon Hunt,D,MIN,22,6.178740389858548,0.18866794164956252,0.3404360496190005,725.0349568548485,0.529103991268563
702,8479026,Philippe Myers,D,TOR,27,2.8582666969956656,0.11358587140222606,0.3746666813155893,797.3214917629929,0.4882525527178153
703,8484779,Jett Luchanko,C,PHI,18,7.709985604229532,0.20066194216822392,0.2825994323301025,974.012201607964,0.4832613744983264
704,8484180,Samuel Honzek,L,CGY,20,8.890244695966167,0.1801293677121267,0.2684655506504001,862.6781214877343,0.44859491836252685
705,8480007,Jonas Rondbjerg,R,VGK,25,4.2944453508956615,0.14751825806505534,0.2650746714398538,683.4230753221641,0.4125929295049091
706,8482206,Ethan Cardwell,R,SJS,22,6.323594009242381,0.16615168017559084,0.2362127121782928,846.4637964564482,0.40236439235388366
707,8478450,Parker Wotherspoon,D,BOS,27,13.842376929395332,0.06616057047834775,0.3357502255962438,1217.442652732239,0.40191079607459157
708,8480823,Alexander Alexeyev,D,WSH,25,8.735964766004393,0.09513003293444604,0.2888028763337092,946.8948005739853,0.38393290926815526
709,8483733,Nikita Grebenkin,R,TOR,21,3.9072695729965563,0.14957739446902305,0.20388069101412842,848.1190375719838,0.3534580854831515
710,8477401,John Hayden,C,SEA,29,2.995389674377063,0.16708411634179038,0.18527888306638327,599.3482256122935,0.3523629994081736
711,8483487,Rutger McGroarty,R,PIT,20,6.169755309662331,0.14657433695199562,0.1951010020497608,783.9867550877361,0.3416753390017564
712,8481461,Corey Schueneman,D,STL,29,5.502284990074096,0.07174808986478813,0.22836087043790126,969.7729596111449,0.3001089603026894
713,8478502,Dennis Gilbert,D,BUF,28,8.372984530179014,0.056698875459659674,0.2396148174339251,810.3491826438394,0.2963136928935848
714,8485105,Nikita Prishchepov,C,COL,20,10.147249435540653,0.11261933535010396,0.1684413596885876,522.7706567953306,0.2810606950386916
715,8482634,Alex Steeves,C,TOR,25,3.044845651252418,0.07444459596124059,0.18741245370748383,699.7602198631072,0.2618570496687244
716,8481541,Samuel Bolduc,D,NYI,24,2.8661405486247777,0.0809329592169789,0.14924546011159603,815.8806685013643,0.23017841932857494
717,8482829,Michael Milne,L,MIN,22,3.838609568234264,0.09518378710075615,0.12449236157980614,560.8001255045061,0.2196761486805623
718,8479705,Jeffrey Viel,L,BOS,27,2.3587832880400503,0.08658856859779859,0.12099532093005542,563.4078314105865,0.207583889527854
719,8480844,Grigori Denisenko,L,VGK,24,2.2504295963782828,0.08150394845411407,0.113414340005178,661.6175929897947,0.19491828845929207
720,8482153,Brendan Brisson,C,VGK,23,8.273592490014309,0.07711182387056364,0.10769427661486275,792.355020621996,0.1848061004854264
721,8483448,Isaiah George,D,NYI,20,9.083306780973253,0.07321036532794366,0.10969609945076447,1400.9529925964978,0.18290646477870814
722,8482250,Callahan Burke,C,VGK,27,2.81600760273514,0.02214814746966545,0.0998990118748105,622.6094688780704,0.12204715934447595
723,8481607,Albert Johansson,D,DET,23,10.942722014087062,0.04365164458291011,0.06689478355256752,1046.697649432659,0.11054642813547763
724,8478854,Ryan Shea,D,PIT,27,9.452002702745254,0.03445240789914876,0.07197564877810307,927.6754630178732,0.10642805667725183
725,8479362,Riley Tufte,L,BOS,26,4.06931223455966,0.05166326664318058,0.052370725302353725,610.0221704226375,0.10403399194553431
726,8480032,Shane Bowers,C,NJD,25,1.866487790199324,0.0626440730385232,0.03624601688766366,573.9361947086563,0.09889008992618685
727,8481536,Daniil Misyul,D,NJD,24,1.739708831534167,0.03717500837457482,0.05819230807804002,867.3384757517339,0.09536731645261484
728,8482118,Sam Colangelo,R,ANA,23,2.8132818303265426,0.04063609876229406,0.04508548294784452,768.7753274026675,0.08572158171013858
729,8483609,Adam Klapka,R,CGY,24,5.960251504005086,0.030308116926124024,0.03580063696320948,527.9425216212153,0.0661087538893335
730,8480259,Ben Jones,C,MIN,25,1.7667329419576785,0.024353000363802255,0.031665079870420124,560.9614179858361,0.056018080234222375
731,8480825,Patrick Giles,R,FLA,24,9.861421832551972,0.019579269814178363,0.030381627110284116,537.0707756110031,0.04996089692446248
732,8481737,Matt Stienburg,C,COL,24,8.859942811261778,0.016541807594611047,0.025648274066812627,440.73170589571544,0.04219008166142367
733,8479985,Cale Fleury,D,,26,2.0,0.0,0.0,22.966666666667,0.0
734,8480853,Liam Foudy,C,,24,2.0,0.0,0.0,14.9,0.0
735,8479421,Jacob Moverare,D,,26,2.0,0.0,0.0,25.883333333333,0.0
736,8483570,Ben Meyers,C,,26,2.0,0.0,0.0,17.133333333333,0.0
