,Player,Position,Age,ATOI
0,Drew Doughty,D,34,26.026203179932295
1,Cale Makar,D,25,25.460722096188757
2,Rasmus Dahlin,D,23,25.31921758201647
3,Seth Jones,D,29,25.256524964871087
4,John Carlson,D,33,25.16781910598527
5,Miro Heiskanen,D,24,25.14774908673511
6,Brock Faber,D,21,25.032347581845535
7,Roman Josi,D,33,24.965853327829468
8,Quinn Hughes,D,24,24.920596419590314
9,Thomas Chabot,D,26,24.8088553760398
10,Kris Letang,D,36,24.774597131828187
11,Cam Fowler,D,32,24.664632754728242
12,Erik Karlsson,D,33,24.614366785286766
13,Mike Matheson,D,29,24.59732520436139
14,Zach Werenski,D,26,24.47259588866872
15,Devon Toews,D,29,24.393155282675526
16,Victor Hedman,D,33,24.3900872878185
17,Josh Morrissey,D,28,24.23340952971121
18,Alex Pietrangelo,D,33,24.031807553276053
19,Charlie McAvoy,D,26,23.944563289707286
20,Rasmus Andersson,D,27,23.891999193616975
21,Adam Fox,D,25,23.66818755537272
22,Noah Dobson,D,23,23.60130960126962
23,Colton Parayko,D,30,23.536264427697756
24,Morgan Rielly,D,29,23.531994999995675
25,Hampus Lindholm,D,29,23.523941279154233
26,Stanislav Svozil,D,20,23.445927691302682
27,Jonas Brodin,D,30,23.377919451901153
28,Vince Dunn,D,27,23.18578840429443
29,Noah Hanifin,D,26,23.16763505430622
30,Adam Larsson,D,31,23.15771395335888
31,Brandon Montour,D,29,23.075795036670986
32,Mikhail Sergachev,D,25,23.06187645247051
33,Filip Hronek,D,26,23.003956632013377
34,Darnell Nurse,D,28,22.97724824593727
35,Owen Power,D,21,22.968027336199267
36,Ivan Provorov,D,26,22.963147543227265
37,Justin Faulk,D,31,22.81365387706398
38,Jakob Chychrun,D,25,22.774088844411292
39,Mikko Rantanen,R,27,22.68716558640736
40,Travis Sanheim,D,27,22.678687121480802
41,Moritz Seider,D,22,22.66679625190147
42,Brent Burns,D,38,22.666018167803944
43,Nathan MacKinnon,C,28,22.647444963590292
44,Jake Sanderson,D,21,22.596546708988203
45,Gustav Forsling,D,27,22.52167006413506
46,Shea Theodore,D,28,22.520832990734622
47,Aaron Ekblad,D,27,22.487008547595213
48,Mario Ferraro,D,25,22.44442372870191
49,Jared Spurgeon,D,34,22.182873659827916
50,Marco Kasper,C,19,22.099071608445534
51,Adam Ginning,D,23,21.959701040965548
52,MacKenzie Weegar,D,29,21.88157102303292
53,Connor McDavid,C,26,21.85729690253004
54,K'Andre Miller,D,23,21.84858657843716
55,Nick Leddy,D,32,21.81422159892722
56,Jacob Trouba,D,29,21.697014489236643
57,TJ Brodie,D,33,21.636525649651716
58,Jaccob Slavin,D,29,21.632205961117037
59,Ryan Pulock,D,29,21.614713023233634
60,Ryan McDonagh,D,34,21.601419311140457
61,Dougie Hamilton,D,30,21.501267697897244
62,Brady Skjei,D,29,21.483697137809923
63,Sean Durzi,D,25,21.425551628195944
64,Mitchell Marner,C,26,21.366505003407283
65,Alex Vlasic,D,22,21.362545984688115
66,Leon Draisaitl,C,28,21.285332367907213
67,Mattias Ekholm,D,33,21.27691701151416
68,Mikey Anderson,D,24,21.26917006138972
69,Nikita Kucherov,R,30,21.23172049695354
70,David Savard,D,33,21.20573574917325
71,Neal Pionk,D,28,21.18024431622971
72,Cam York,D,22,21.17776105555959
73,Marcus Pettersson,D,27,21.16338548880567
74,John Marino,D,26,21.127086427730454
75,Vladislav Gavrikov,D,28,21.102463186327856
76,Alexander Romanov,D,23,21.09409747231558
77,Nick Suzuki,C,24,21.088583077949362
78,Brett Pesce,D,29,21.066603471058805
79,Evan Bouchard,D,24,21.05140181607176
80,Luke Hughes,D,20,21.050753710792918
81,Mattias Samuelsson,D,23,21.00908496908928
82,Valeri Nichushkin,R,28,20.912902472081345
83,John Klingberg,D,31,20.901458282887436
84,Tim Stützle,L,21,20.88893663466084
85,Auston Matthews,C,26,20.88812958221257
86,Kirill Kaprizov,L,26,20.859200961245502
87,Kaiden Guhle,D,21,20.856128575084778
88,Damon Severson,D,29,20.796321953779263
89,Torey Krug,D,32,20.794356178750366
90,Dylan DeMelo,D,30,20.759423629110643
91,J.J. Moser,D,23,20.751026445311272
92,Artem Zub,D,28,20.676523692705977
93,Matt Dumba,D,29,20.674772567263275
94,Samuel Girard,D,25,20.673767650802287
95,Adam Pelech,D,29,20.551648096069002
96,Rasmus Sandin,D,23,20.547712614328503
97,Jake Guentzel,C,29,20.446827469958365
98,Mark Scheifele,C,30,20.43707543990254
99,Bowen Byram,D,22,20.42258377562122
100,Kyle Connor,L,27,20.413136759394018
101,Vincent Trocheck,C,30,20.30365822583694
102,Esa Lindell,D,29,20.28910727739627
103,Tomas Hertl,C,30,20.246257926217687
104,Robert Thomas,C,24,20.246239570172406
105,Ben Chiarot,D,32,20.209766779859088
106,Jeff Petry,D,36,20.200337797436074
107,Jack Hughes,C,22,20.186013690329652
108,Cody Ceci,D,30,20.18163965331843
109,Jake Muzzin,D,34,20.176803819363656
110,Matt Roy,D,28,20.17466489073339
111,Sidney Crosby,C,36,20.100961443283364
112,Bo Horvat,C,28,20.093993231802507
113,Ryan Suter,D,38,20.090618258343525
114,J.T. Miller,L,30,20.0501188831372
115,Jake McCabe,D,30,20.036113372247964
116,Brayden Point,C,27,20.034820020230995
117,Aleksander Barkov,C,28,20.0307249287175
118,Jonas Siegenthaler,D,26,19.992798268310814
119,Shayne Gostisbehere,D,30,19.95870231618942
120,Jamie Drysdale,D,21,19.947200919023196
121,Tyler Myers,D,33,19.941513083469655
122,Sam Reinhart,C,28,19.922900151371824
123,Anze Kopitar,C,36,19.909824621679892
124,Ryan Nugent-Hopkins,C,30,19.908071855722234
125,Artemi Panarin,L,32,19.88984767304398
126,Jack Eichel,C,27,19.884992667900516
127,Joel Eriksson Ek,C,26,19.8831090237482
128,Elias Lindholm,C,29,19.8732703874339
129,Chris Tanev,D,34,19.862743926867555
130,Erik Gudbranson,D,31,19.85411700899615
131,Connor Murphy,D,30,19.8535652028941
132,Elias Pettersson,C,25,19.84048858183638
133,Scott Mayfield,D,31,19.823578767359272
134,Boone Jenner,C,30,19.79445140990394
135,Jamie Oleksiak,D,31,19.793043747203694
136,Dylan Larkin,C,27,19.7856851941326
137,Thomas Harley,D,22,19.78234679191625
138,Clayton Keller,C,25,19.780164312632866
139,Zach Hyman,C,31,19.756792583824488
140,David Pastrnak,R,27,19.747257395611186
141,Jake Middleton,D,27,19.742610114602297
142,Alex Ovechkin,L,38,19.705111344058427
143,Mika Zibanejad,C,30,19.68792672491964
144,Pavel Buchnevich,"L, R",28,19.675010190525054
145,Alec Martinez,D,36,19.668648176377246
146,Travis Konecny,C,26,19.668512559997396
147,Henry Thrun,D,22,19.661897475970733
148,Brayden McNabb,D,32,19.63171283909806
149,Brandon Carlo,D,27,19.621899323716036
150,Nick Jensen,D,33,19.61380143610828
151,Jackson LaCombe,D,22,19.569591930267308
152,Sebastian Aho,R,26,19.539004889411892
153,Sebastian Aho,R,26,19.53155600125329
154,Mathew Barzal,C,26,19.522635687738237
155,Ryan O'Reilly,C,32,19.509300634707156
156,J.T. Compher,L,28,19.508383612419923
157,Mikael Granlund,C,31,19.49014348889484
158,Mark Stone,R,31,19.484472525091935
159,Sebastian Aho,R,26,19.48181713092368
160,Claude Giroux,C,35,19.47869702429559
161,Sebastian Aho,R,26,19.472481768009743
162,Jake Walman,D,27,19.44238453582847
163,William Nylander,C,27,19.422150881446253
164,Ryan Graves,D,28,19.413689757146606
165,Erik Cernak,D,26,19.31548773765933
166,Nick Schmaltz,C,27,19.303283043763766
167,Oliver Ekman-Larsson,D,32,19.280434421200773
168,Ryan Lindgren,D,25,19.276008318669078
169,Andrew Peeke,D,25,19.268651983442883
170,Martin Fehervary,D,24,19.247479397713107
171,Damien Giroux,C,23,19.243034374298546
172,Matthew Tkachuk,L,26,19.223316565917624
173,Brad Marchand,L,35,19.203517717771437
174,Mats Zuccarello,R,36,19.184243568541838
175,Jani Hakanpää,0,-1,19.174105875767147
176,Anton Stralman,D,37,19.153438728858507
177,Tyson Barrie,D,32,19.144000880180172
178,Henri Jokiharju,D,24,19.12734220754299
179,Darren Raddysh,D,27,19.11562718652922
180,Johnny Gaudreau,L,30,19.1036720180172
181,Ty Smith,D,23,19.08165091771456
182,Patrick Kane,R,35,19.080205037613762
183,Logan Couture,C,34,19.06383386572739
184,Connor Carrick,D,29,19.0308257740411
185,Alex Tuch,R,27,19.0203766261541
186,Niko Mikkola,D,27,18.96049191517301
187,Matthew Benning,D,29,18.940331805023874
188,Ian Cole,D,34,18.935370543849483
189,Nico Hischier,C,24,18.909146378126664
190,Cole Caufield,R,22,18.83232020962328
191,Nick Blankenburg,D,25,18.819031354694367
192,Brenden Dillon,D,33,18.810310195551715
193,Artturi Lehkonen,L,28,18.786085029859283
194,Samuel Knazko,D,21,18.742842121158137
195,Dmitry Orlov,D,32,18.739277990712157
196,Steven Stamkos,C,33,18.72979854524116
197,Brady Tkachuk,L,24,18.724965289533678
198,Chandler Stephenson,C,29,18.701051053853202
199,Mikael Backlund,C,34,18.700175964288807
200,Sebastian Aho,R,26,18.696238282572683
201,Brandon Hagel,L,25,18.69512921053692
202,Adrian Kempe,L,27,18.675941858677977
203,Evgeni Malkin,C,37,18.674711200863193
204,Trevor van Riemsdyk,D,32,18.672838436346833
205,Sebastian Aho,R,26,18.66566789451798
206,Alex Wennberg,C,29,18.641561090297106
207,Filip Forsberg,L,29,18.61483726128952
208,Sebastian Aho,R,26,18.60510906264531
209,Adam Boqvist,D,23,18.585670590600724
210,Evgeny Kuznetsov,C,31,18.58467161089669
211,Sebastian Aho,R,26,18.570725680243463
212,Alex DeBrincat,R,26,18.5663926877033
213,Jordan Gross,D,28,18.557602608507462
214,Jaycob Megna,D,31,18.555831785006628
215,Chris Kreider,L,32,18.549357487964038
216,Radko Gudas,D,33,18.524238328773194
217,Timothy Liljegren,D,24,18.51601952963395
218,Bryan Rust,R,31,18.506622202695983
219,Tony DeAngelo,D,28,18.49968839252847
220,Troy Terry,R,26,18.497097667544313
221,Jan Rutta,D,33,18.480286745403003
222,Jason Robertson,L,24,18.438628004915266
223,William Eklund,"C, L",21,18.404874506993565
224,Alexandre Carrier,D,27,18.39131026526178
225,Jesper Bratt,L,25,18.34773338290124
226,Juuso Valimaki,D,25,18.335114788091264
227,Kyle Burroughs,D,28,18.29088497309473
228,Brock Boeser,R,26,18.27944598646815
229,Marcus Bjork,D,26,18.271804442575323
230,Tage Thompson,C,26,18.26641192514398
231,Nicolas Hague,D,25,18.263575373511433
232,Mark Giordano,D,40,18.26212668946236
233,Josh Norris,C,24,18.219424641797744
234,Rasmus Ristolainen,D,29,18.20214088353868
235,Trevor Zegras,C,22,18.18145749132894
236,Justin Barron,D,22,18.175148824435098
237,Brian Dumoulin,D,32,18.158832913485885
238,Matt Boldy,L,22,18.153051486121047
239,Tom Wilson,R,29,18.138531746718982
240,Drake Batherson,R,25,18.137828840034736
241,Kirby Dach,C,22,18.114150307155924
242,John Tavares,C,33,18.10973770380444
243,Nikita Zadorov,D,28,18.097037456642973
244,Jordan Kyrou,C,25,18.078314596591593
245,Phillip Danault,L,30,18.04522302683989
246,Sean Walker,D,29,18.000108554335068
247,Zach Whitecloud,D,27,17.960810741768796
248,Alex Killorn,L,34,17.946989485156898
249,Timo Meier,R,27,17.91550454432948
250,Brock Nelson,C,32,17.911652861097647
251,Derek Forbort,D,31,17.911630698957026
252,Nazem Kadri,C,33,17.90726454393912
253,Erik Gustafsson,D,35,17.90020562395107
254,Anthony Cirelli,C,26,17.891491365761134
255,Sean Monahan,C,29,17.870007756324057
256,Philipp Kurashev,C,24,17.840070954963075
257,Justin Holl,D,31,17.80401710928857
258,Brayden Schenn,C,32,17.796550351717304
259,Martin Necas,C,24,17.783826776025553
260,Nate Schmidt,D,32,17.777328890931052
261,Evander Kane,L,32,17.768194708177113
262,Sebastian Aho,R,26,17.762091300833507
263,Jordan Harris,D,23,17.756133447199133
264,Josh Manson,D,32,17.739675154670085
265,Charlie Coyle,C,31,17.70582757516303
266,Sebastian Aho,R,26,17.7003742826281
267,Troy Stecher,D,29,17.69272714819978
268,William Karlsson,C,30,17.687901149432832
269,Seth Jarvis,C,21,17.68461363236678
270,Gustav Nyquist,R,34,17.669023057994355
271,Carter Verhaeghe,C,28,17.663991671731477
272,Jonathan Toews,C,35,17.659540966350814
273,Patrik Nemeth,D,31,17.650996746460894
274,Alec Regula,D,23,17.64278916071081
275,Jeremy Lauzon,D,26,17.632721728395136
276,Sebastian Aho,R,26,17.621427197433746
277,Ronnie Attard,D,24,17.619919006831694
278,Yanni Gourde,C,32,17.610335903348698
279,Dmitry Kulikov,D,33,17.60928659490883
280,Joel Edmundson,D,30,17.599789964046675
281,Kevin Fiala,L,27,17.5971539530091
282,Kevin Shattenkirk,D,34,17.578564704868054
283,Matt Grzelcyk,D,29,17.572587303049534
284,Rickard Rakell,C,30,17.572232620116893
285,Adam Henrique,C,33,17.55959599741979
286,Sebastian Aho,R,26,17.552558215301204
287,Patrice Bergeron,C,38,17.546165386665606
288,Lucas Raymond,L,21,17.52432267956285
289,Matty Beniers,C,21,17.524154376108
290,Matthew Kessel,D,23,17.50712691569865
291,Andrei Svechnikov,R,23,17.49885761781533
292,Billy Sweezey,D,27,17.498415301464902
293,Simon Benoit,D,25,17.48475737412507
294,Patrik Laine,R,25,17.469878177154946
295,Trevor Moore,L,28,17.464388297107902
296,Jonathan Marchessault,C,33,17.452852293833327
297,Matt Duchene,C,32,17.438688922838033
298,Pavel Zacha,C,26,17.40971839546235
299,Casey Mittelstadt,C,25,17.3865582926074
300,Roope Hintz,L,27,17.350996331127863
301,Frank Vatrano,C,29,17.327876505792847
302,Andrew Copp,C,29,17.318391031634572
303,Barrett Hayton,C,23,17.30348250625463
304,Dylan Strome,C,26,17.28533481209441
305,Ethan Bear,D,26,17.27979406202588
306,Jonathan Huberdeau,L,30,17.27797200807528
307,Nick Holden,D,36,17.262453294236913
308,Dante Fabbro,D,25,17.21859360417733
309,Nikolai Knyzhov,D,26,17.207589778180356
310,Lawson Crouse,L,26,17.202523221979753
311,David Krejci,C,37,17.17709965584613
312,Urho Vaakanainen,D,24,17.1692970271104
313,Jeff Skinner,L,31,17.165290813944683
314,Joe Pavelski,C,39,17.160765683246417
315,Will Borgen,D,27,17.119388536641722
316,Connor Clifton,D,28,17.11571140097098
317,Nicholas Paul,L,28,17.099654804493177
318,Dawson Mercer,C,22,17.09064351435393
319,Viktor Arvidsson,L,30,17.08637614724992
320,Isaak Phillips,D,22,17.067437829875345
321,Tyler Toffoli,C,31,17.065067587079508
322,Jaden Schwartz,L,31,17.06176353256517
323,Tim Berni,D,23,17.054119226683024
324,Alexander Barabanov,L,29,17.051563408436166
325,Teuvo Teravainen,L,29,17.024968548792454
326,Jordan Eberle,R,33,17.023869101915825
327,Wyatt Kaiser,D,21,16.997769050474158
328,Johnathan Kovacevic,D,26,16.97163262725138
329,Kyle Palmieri,R,32,16.96509549448567
330,Calen Addison,D,23,16.964167524941754
331,Olli Maatta,D,29,16.949848305336456
332,Tucker Poolman,D,30,16.928727742268677
333,Owen Beck,C,19,16.915738275112535
334,Fabian Zetterlund,L,24,16.89045938074988
335,Tyson Foerster,R,21,16.889058323305377
336,Derrick Pouliot,D,29,16.88730155415627
337,Mike Reilly,D,30,16.881548908436898
338,Jakub Voracek,R,34,16.865614283166465
339,Alex Goligoski,D,38,16.85018106027445
340,Sam Bennett,C,27,16.825093731179138
341,Carson Soucy,D,29,16.801701005505727
342,Pierre-Luc Dubois,C,25,16.79812393395059
343,Sebastian Aho,R,26,16.78385536939482
344,Jonathan Drouin,L,28,16.75599887991705
345,Parker Wotherspoon,D,26,16.75438636443366
346,Tyler Seguin,C,31,16.72909292785974
347,Nikita Zaitsev,D,32,16.72199278845767
348,Nick Perbix,D,25,16.719336009753498
349,Justin Schultz,D,33,16.716082777534137
350,Kaedan Korczak,D,22,16.707678921167894
351,Daniil Miromanov,D,26,16.703845873344417
352,Sebastian Aho,R,26,16.690924724066967
353,T.J. Oshie,R,37,16.681852389898705
354,Kevin Bahl,D,23,16.66785422893449
355,Jake DeBrusk,L,27,16.6474342861293
356,Nick Bjugstad,C,31,16.628697626344994
357,Travis Dermott,D,27,16.623004074277755
358,Simon Edvinsson,D,20,16.614787328664644
359,Marc-Edouard Vlasic,D,36,16.6100320956246
360,Joel Farabee,L,23,16.598514614016644
361,Dylan Cozens,C,22,16.598282924619166
362,Sebastian Aho,R,26,16.59736193858897
363,Guillaume Brisebois,D,26,16.590557404673536
364,Spencer Stastney,D,23,16.573250214129285
365,Christian Dvorak,"C, L",27,16.57078868794978
366,Colton Sissons,C,30,16.559545969534124
367,Jake Bean,D,25,16.556108569359115
368,Josh Anderson,R,29,16.547006808181457
369,Jean-Gabriel Pageau,C,31,16.54615428967955
370,Reilly Smith,R,32,16.537125809579223
371,Sebastian Aho,R,26,16.494246354196108
372,Zach Bogosian,D,33,16.489228860983317
373,Alex Iafallo,C,30,16.48097842799587
374,Ryan Strome,R,30,16.468075071366037
375,Ilya Lyubushkin,D,29,16.46482974735268
376,Travis Hamonic,D,33,16.43952469676901
377,Nicklas Backstrom,C,36,16.428221143710584
378,Scott Harrington,D,30,16.421094215581174
379,Jake Livingstone,D,24,16.417966844904598
380,Vincent Iorio,D,21,16.411894747438758
381,Marc Staal,D,36,16.403032770382833
382,Colin Miller,D,31,16.400088915975186
383,Mikael Pyyhtia,L,22,16.398598738277663
384,Kirill Marchenko,R,23,16.382703134560003
385,Jared McCann,C,27,16.38157572853397
386,Evan Rodrigues,L,30,16.376388662166143
387,Alexis Lafrenière,L,22,16.35959989051857
388,Jack Johnson,D,36,16.359098001909942
389,Nikita Okhotiuk,D,23,16.35204798745434
390,Owen Tippett,R,24,16.35063580385181
391,Nikolaj Ehlers,L,27,16.33859780245548
392,Blake Coleman,C,32,16.32998341980667
393,Anders Lee,L,33,16.322270775188173
394,Oliver Bjorkstrand,R,28,16.31811433060499
395,Wyatt Johnston,C,20,16.29075179888754
396,Marcus Johansson,L,33,16.281962597091248
397,Taylor Raddysh,R,25,16.278266061585764
398,Erik Haula,C,32,16.27749459446858
399,Shane Pinto,C,23,16.2725333595189
400,Yegor Sharangovich,C,25,16.270628156675766
401,Scott Laughton,C,29,16.266910940058235
402,Vladimir Tarasenko,R,32,16.260011169548815
403,Ryan Hartman,L,29,16.258160694169582
404,Marco Rossi,C,22,16.24161120259859
405,Taylor Hall,L,32,16.21577594627514
406,Tyler Bertuzzi,L,28,16.212994572217614
407,Juraj Slafkovsky,L,19,16.20638495155446
408,Gabriel Vilardi,C,24,16.2009935912154
409,Justin Braun,D,36,16.16980505328025
410,Dysin Mayo,D,27,16.166128511823374
411,Andrew Mangiapane,L,27,16.159721294085603
412,Matias Maccelli,L,23,16.15888665187836
413,Victor Soderstrom,D,22,16.132153788733717
414,Jason Dickinson,C,28,16.127247569008276
415,Caleb Jones,D,26,16.12113015012498
416,Ben Hutton,D,30,16.11960237406126
417,Mason Appleton,C,27,16.111549442931416
418,Adam Lowry,C,30,16.107102638694744
419,Mason McTavish,C,20,16.104194655493192
420,Erik Brannstrom,D,24,16.095591613371887
421,Jason Demers,D,35,16.083617711900622
422,David Perron,L,35,16.051443766755867
423,Danil Gushchin,L,21,16.040647199184306
424,Jarred Tinordi,D,31,16.015255119574427
425,Nick Seeler,D,30,16.01014485563822
426,Calvin de Haan,D,32,16.001537362582784
427,Ivan Barbashev,C,28,15.989705671286387
428,Jordan Staal,C,35,15.976891096392414
429,Brett Kulak,D,29,15.97294359757834
430,Dmitri Samorukov,D,24,15.944143998297152
431,Jack Roslovic,C,26,15.93291622278482
432,Andrew Agozzino,L,32,15.907699954823093
433,Kevin Hayes,C,31,15.877732782110556
434,Morgan Frost,C,24,15.865623856970283
435,Nick Foligno,L,36,15.85215967014421
436,Eetu Luostarinen,C,25,15.838149129608052
437,Brandon Saad,L,31,15.830166811782107
438,Lassi Thomson,D,23,15.81985674676058
439,Filip Roos,D,24,15.81243513887932
440,Anton Lundell,C,22,15.812242136246523
441,Ondrej Palat,L,32,15.790715743324453
442,Corey Schueneman,D,28,15.732101098196681
443,Tyler Johnson,C,33,15.731708434310674
444,Nicolas Roy,C,26,15.723782465189084
445,Anthony Duclair,L,28,15.63432763235259
446,Noah Cates,L,24,15.63095810122629
447,Tristen Robins,C,22,15.626843603296107
448,Alexander Edler,D,37,15.618226679148293
449,Josh Bailey,R,34,15.616794629631134
450,Kale Clague,D,25,15.589275681727042
451,Jordan Greenway,L,26,15.573714381701988
452,Gavin Bayreuther,D,29,15.569355286570728
453,Nino Niederreiter,R,31,15.568921336597729
454,Drew Helleson,D,22,15.565732492185111
455,Luke Schenn,D,34,15.559935026216051
456,Dennis Cholowski,D,25,15.559374347661329
457,Christian Wolanin,D,28,15.553960376157251
458,Ian Mitchell,D,24,15.5269643925105
459,Nils Lundkvist,D,23,15.511769612357826
460,Zach Parise,L,39,15.510873152163295
461,Conor Timmins,D,25,15.500897870755118
462,Brandt Clarke,D,20,15.46359116616443
463,Jacob Bernard-Docker,D,23,15.42496797354576
464,Jamie Benn,L,34,15.401453959229489
465,Dylan Samberg,D,24,15.394049894877629
466,Jacob Moverare,D,25,15.38042111578184
467,Jake Evans,C,27,15.353023989995405
468,Braden Schneider,D,22,15.342619349641437
469,Eeli Tolvanen,R,24,15.33140923717439
470,Tobias Bjornfot,D,22,15.32897359225782
471,Jordie Benn,D,36,15.322044715682246
472,Mathieu Joseph,R,26,15.320001141790112
473,Erik Johnson,D,35,15.279360478026
474,Jake Christiansen,D,24,15.279291372525194
475,Pius Suter,C,27,15.27731779501907
476,Michael Bunting,L,28,15.273877715178815
477,Anthony Beauvillier,C,26,15.258263917985708
478,Alex Newhook,C,22,15.246818070478193
479,JJ Peterka,R,21,15.234659707819505
480,Egor Zamula,D,23,15.234333674691323
481,Frederic Allard,D,26,15.223910732615844
482,Jacob Bryson,D,26,15.180039285930798
483,Quinton Byfield,C,21,15.17653084267683
484,Ilya Mikheyev,R,29,15.169527927240576
485,Andreas Athanasiou,C,29,15.144544811765606
486,Andrei Kuzmenko,L,27,15.134351506382682
487,Andre Burakovsky,L,28,15.128119051454874
488,Robert Hagg,D,28,15.121852684442404
489,Jordan Spence,D,22,15.110289344312479
490,Michael Rasmussen,C,24,15.102193485611268
491,Haydn Fleury,D,27,15.089522666936128
492,Calle Jarnkrok,C,32,15.076811000254995
493,Yakov Trenin,C,26,15.060840698827446
494,Lars Eller,C,34,15.037096037725071
495,Arber Xhekaj,D,22,15.014372901659728
496,Max Pacioretty,L,35,15.012620053395723
497,Mason Marchment,L,28,15.012241717930449
498,Calle Rosen,D,29,15.000729288066859
499,Jordan Martinook,L,31,14.980323829664934
500,David Jiricek,D,20,14.974709979614127
501,Nathan Beaulieu,D,31,14.97384494888615
502,Luke Kunin,C,26,14.9612853755914
503,Jordan Oesterle,D,31,14.946363603105732
504,Mike Hoffman,L,34,14.943110123491536
505,Brendan Smith,D,34,14.937379823924893
506,Elliot Desnoyers,L,21,14.917254393912568
507,Akito Hirose,D,24,14.897987593283066
508,Jason Zucker,L,31,14.886979645411351
509,Frederick Gaudreau,C,30,14.88181622627571
510,David Gust,R,29,14.850996552595536
511,Marcus Foligno,L,32,14.845481513344303
512,Yegor Chinakhov,R,22,14.843588421189327
513,Sean Farrell,C,22,14.830088468314718
514,Joel Armia,R,30,14.810828095375001
515,Riley Stillman,D,25,14.810377558478724
516,Gustav Lindstrom,D,25,14.804727067311754
517,Nic Dowd,C,33,14.802687580577759
518,Filip Chytil,C,24,14.779709860381958
519,Justin Danforth,R,30,14.776640545127407
520,Noah Juulsen,D,26,14.76178146322484
521,Vincent Desharnais,D,27,14.753836311351654
522,Nick Cicek,D,23,14.747481315060533
523,Alexander Kerfoot,C,29,14.726232458174985
524,Derek Grant,C,33,14.715664253370383
525,Cal Foote,D,25,14.713566919884693
526,Jack Quinn,R,22,14.705327744946592
527,Lukas Reichel,L,21,14.703521649805454
528,Kasperi Kapanen,R,27,14.687652126155044
529,Jacob Larsson,D,26,14.678601336684842
530,Cole Sillinger,C,20,14.67693060288255
531,Ryan Murray,D,30,14.649921752453224
532,Max Domi,L,28,14.62526642505186
533,Rafael Harvey-Pinard,L,24,14.623323994474253
534,Jack Rathbone,D,24,14.619421491084283
535,Brayden Pachal,D,24,14.611270971009956
536,Logan O'Connor,R,27,14.604032019548736
537,Brandon Tanev,L,32,14.597301077018608
538,Teddy Blueger,C,29,14.591568515577274
539,James van Riemsdyk,L,34,14.590632578426899
540,Cole Perfetti,C,21,14.580508431992863
541,Jalen Chatfield,D,27,14.57733531379525
542,Connor McMichael,C,22,14.576841963080652
543,Alexander Alexeyev,D,24,14.573893734165809
544,Juuso Parssinen,C,22,14.561776642842826
545,Conor Garland,R,27,14.55262620426926
546,Blake Wheeler,R,37,14.533316833683775
547,Dylan Guenther,R,20,14.52030031917065
548,Pierre Engvall,L,27,14.518709556843405
549,Ryan Johansen,C,31,14.513491888043841
550,Michael Kesselring,D,23,14.492088579254204
551,Tommy Novak,C,26,14.481949007166687
552,Colton White,D,26,14.470515857828739
553,Dakota Mermis,D,29,14.447524250984172
554,Radim Simek,D,31,14.446409318738954
555,Jake Neighbours,L,21,14.422742195524325
556,Pierre-Olivier Joseph,D,24,14.37122338997009
557,Josh Brown,D,29,14.36489195710881
558,Kaapo Kakko,R,22,14.34977949157231
559,Nico Sturm,C,28,14.347960194055949
560,Matt Coronato,R,21,14.345613724792223
561,Vladislav Namestnikov,C,31,14.342686621595886
562,Kevin Gravel,D,31,14.342409976214876
563,Connor Mackey,D,27,14.336011912864407
564,Sean Kuraly,C,30,14.321133818777522
565,Isac Lundestrom,C,24,14.32037151327368
566,Cody Glass,C,24,14.303693519082346
567,Ridly Greig,C,21,14.292856168852074
568,Travis Boyd,C,30,14.28640960275542
569,Lucas Johansen,D,26,14.284220674260096
570,Ben Harpur,D,28,14.278911665552203
571,Matthew Knies,L,21,14.27731857566945
572,Connor Brown,R,29,14.273929966270423
573,Robby Fabbri,C,27,14.262095486040195
574,Kyle Okposo,R,35,14.253076595139728
575,Eric Staal,C,39,14.250880474607817
576,Jakub Zboril,D,26,14.225270196168163
577,Arnaud Durandeau,L,24,14.209958556130749
578,Jon Merrill,D,31,14.206507150534396
579,Ryan McLeod,C,24,14.194142421440464
580,Brendan Gallagher,R,31,14.193992394032108
581,Jesperi Kotkaniemi,C,23,14.185849148109657
582,Thomas Bordeleau,C,21,14.161583774692955
583,Kent Johnson,C,21,14.13044303877428
584,Tyler Angle,C,23,14.121517187149273
585,Ville Heinola,D,22,14.111026110258962
586,Anthony Mantha,R,29,14.109189002811853
587,David Kampf,C,28,14.104501086165634
588,Max Comtois,L,24,14.04084656853523
589,Rem Pitlick,C,26,14.038378394646447
590,Marco Scandella,D,33,14.022699207888493
591,Andreas Johnsson,L,29,14.012017507825762
592,Dominik Kubalik,L,28,14.00395171847521
593,Zac Jones,D,23,13.973632436294984
594,Michael McLeod,C,25,13.960668394581374
595,Kyle Capobianco,D,26,13.943457042996355
596,Beck Malenstyn,L,25,13.943407220600784
597,Nikita Nesterenko,C,22,13.927466386283923
598,Joe Veleno,C,23,13.915200172898313
599,Evgenii Dadonov,R,34,13.896583871162312
600,Jacob Peterson,C,24,13.89341144091468
601,Kailer Yamamoto,R,25,13.88826516657971
602,Luke Evangelista,R,21,13.878885745824096
603,Tanner Pearson,L,31,13.865216998198527
604,Casey Cizikas,C,32,13.85448686073729
605,Benoit-Olivier Groulx,C,23,13.845237496527538
606,Victor Mete,D,25,13.838916541784187
607,Libor Hajek,D,25,13.836298279363719
608,Logan Stanley,D,25,13.829363622293728
609,Ondrej Kase,R,28,13.8253652813933
610,Chris Wideman,D,33,13.8230176585324
611,Gustav Olofsson,D,29,13.79577318123838
612,Cale Fleury,D,25,13.790630817836409
613,Nick Bonino,C,35,13.775098886634554
614,Jesper Fast,R,32,13.7281686766882
615,Austin Strand,D,26,13.72791089611089
616,Tomas Tatar,L,33,13.686047816487783
617,Sam Steel,C,25,13.675631871418346
618,Phil Kessel,R,36,13.672720124252962
619,Mac Hollowell,D,25,13.667372719367618
620,Michael Stone,D,33,13.628928897993417
621,Jakob Silfverberg,R,33,13.621149249512106
622,Vladislav Kolyachonok,D,22,13.617937955770788
623,Morgan Geekie,C,25,13.612906685660132
624,Josh Mahura,D,25,13.61173570236334
625,Nick Ritchie,L,28,13.603492106784266
626,Pavel Dorofeyev,L,23,13.602844057605493
627,Jack McBain,C,23,13.598275830436272
628,Roland McKeown,D,27,13.558734063308522
629,Jujhar Khaira,L,29,13.516185010145975
630,Barclay Goodrow,R,30,13.501739594546402
631,Radek Faksa,C,29,13.492008052966762
632,Ty Dellandrea,C,23,13.490130837425147
633,Nick Swaney,R,26,13.486213271655735
634,Oskar Sundqvist,C,29,13.480966289798289
635,Dylan Coghlan,D,25,13.480696931844472
636,Noel Acciari,C,32,13.470804816867897
637,Jeremy Davies,D,27,13.467433579436552
638,Jesse Ylonen,R,24,13.429889462482866
639,Ryan Donato,C,27,13.413134574429225
640,Denis Gurianov,R,26,13.41260085851164
641,Drew O'Connor,L,25,13.395429664477042
642,Tanner Jeannot,L,26,13.392781832022424
643,Gabriel Carlsson,D,26,13.388539085085643
644,Warren Foegele,L,27,13.374830615034542
645,Tyler Tucker,D,23,13.36232953431044
646,Ross Colton,C,27,13.351071120021782
647,Colin Blackwell,C,30,13.349600850157517
648,Victor Olofsson,L,28,13.331420812140317
649,Steven Santini,D,28,13.325936497952322
650,Mattias Janmark,C,31,13.291517657392966
651,Joel Teasdale,L,24,13.286583778927998
652,Philippe Myers,D,26,13.28457575621504
653,Chad Ruhwedel,D,33,13.280911555094598
654,Anders Bjork,L,27,13.278853421876576
655,Robert Bortuzzo,D,34,13.24249717947897
656,Ryan Poehling,C,24,13.235972360336616
657,Cole Smith,L,28,13.23282168904702
658,Samuel Bolduc,D,23,13.228051671686218
659,Conor Sheary,L,31,13.20770752262068
660,Cole McWard,D,22,13.149216582277106
661,Jakub Vrana,L,27,13.149188835841127
662,Matt Irwin,D,36,13.142124311130425
663,Miles Wood,L,28,13.134540862948294
664,Paul Stastny,C,38,13.133947715255667
665,Phillip Di Giuseppe,L,30,13.108048154205916
666,Philip Tomasino,C,22,13.10340222282579
667,Kevin Labanc,R,28,13.089965598513347
668,Filip Zadina,R,24,13.064152544675629
669,Casey Fitzgerald,D,26,13.05740013830234
670,Joey Anderson,R,25,13.046282582669944
671,Danton Heinen,C,28,13.039683499708888
672,Peyton Krebs,C,22,13.038777147373052
673,Joel Hanley,D,32,13.028161442287791
674,Joona Luoto,L,26,13.02660189595082
675,Dakota Joshua,C,27,13.019154502596159
676,William Dufour,R,21,13.002350908983276
677,Trent Frederic,C,25,12.998440088750453
678,Jeff Carter,C,38,12.997900372483523
679,Sam Lafferty,C,28,12.995347868811004
680,Robin Salo,D,25,12.990731913185632
681,Cole Guttman,C,24,12.985631945385972
682,Lawrence Pilut,D,28,12.974673466456702
683,Brett Howden,C,25,12.97221909944499
684,Mark Friedman,D,28,12.964957825178717
685,Wade Allison,R,26,12.944370559247908
686,Jimmy Vesey,L,30,12.929115719282839
687,Corey Perry,R,38,12.90167104794769
688,Matt Nieto,L,31,12.8984145209439
689,Jesse Puljujarvi,R,25,12.897298493897575
690,Andreas Englund,D,27,12.873007058336198
691,Dillon Dube,C,25,12.85447641827875
692,Sonny Milano,L,27,12.852194581194913
693,Justin Richards,C,25,12.833195852507707
694,Simon Holmstrom,R,22,12.808572205505278
695,Eric Robinson,L,28,12.778015013882492
696,Alex Nylander,L,25,12.771891255201977
697,Hunter McKown,C,21,12.741862575748607
698,Paul Cotter,C,24,12.724374925617804
699,Tyler Motte,"C, L",28,12.705505263372572
700,Michael Amadio,C,27,12.69445593352654
701,Luke Philp,C,28,12.689816309922302
702,Rudolfs Balcers,L,26,12.68733826993692
703,Arthur Kaliyev,R,22,12.67594202978025
704,Tyler Kleven,D,21,12.66544715514809
705,Lucas Carlsson,D,26,12.639257201119511
706,Emil Bemstrom,C,24,12.63544751408734
707,Jonatan Berggren,R,23,12.628397024719362
708,Aliaksei Protas,C,22,12.608371875767014
709,Trey Fix-Wolansky,R,24,12.608350552084255
710,Cal Clutterbuck,R,36,12.59915458287563
711,Maxence Guenette,D,22,12.594542167798888
712,Semyon Der-Arguchintsev,C,23,12.55970104096525
713,Dennis Gilbert,D,27,12.555654512347607
714,Christian Fischer,R,26,12.528960167860902
715,Mark Borowiecki,D,34,12.506035894187876
716,Curtis Lazar,C,28,12.479810610406643
717,Derick Brassard,C,36,12.465927284082797
718,Samuel Walker,0,-1,12.435743600019393
719,Brock McGinn,L,29,12.427446128766883
720,Kevin Stenlund,C,27,12.423117734016298
721,Mark Jankowski,C,29,12.415457795060462
722,Zemgus Girgensons,C,29,12.414485427259706
723,Jakob Pelletier,L,22,12.40754058557326
724,Filip Kral,D,24,12.378250445594997
725,Daniel Sprong,R,26,12.35259964304006
726,Elmer Soderblom,L,22,12.346691943327874
727,Lukas Sedlak,C,30,12.27575518368893
728,Boris Katchouk,L,25,12.27571238503041
729,Alexey Toropchenko,R,24,12.240662429059883
730,Vasily Podkolzin,R,22,12.217960140957567
731,Oskar Olausson,R,21,12.210095688360665
732,Max Jones,L,25,12.206186907720815
733,Stefan Noesen,R,30,12.203764754611152
734,Chris Wagner,C,32,12.196656563297879
735,Kiefer Sherwood,R,28,12.169276516727601
736,Tyson Jost,C,25,12.164439530964525
737,Jacob MacDonald,D,30,12.150396075035614
738,Riley Sheahan,C,32,12.10641089142886
739,Noah Gregor,C,25,12.097576640201158
740,Sam Carrick,C,31,12.090034585281181
741,Brett Leason,R,24,12.072432364196887
742,Hudson Fasching,R,28,12.071949455454837
743,Nick Cousins,C,30,12.067253958241967
744,Alex Belzile,R,32,12.046024548220238
745,Nick DeSimone,D,29,12.033309435487087
746,Blake Lizotte,C,26,12.008456295506647
747,Philip Broberg,D,22,12.002354904416253
748,Filip Hallander,C,23,11.998612764479565
749,Kyle Criscuolo,C,31,11.993422357066375
750,Alex Chiasson,R,33,11.992707232729257
751,Dan Renouf,D,29,11.990426765987218
752,Rasmus Asplund,C,26,11.94688470599814
753,Luke Glendening,C,34,11.945044749527494
754,Brad Hunt,D,35,11.93218848332274
755,Zach Sanford,L,29,11.88933640697205
756,Pat Maroon,L,35,11.88908429910913
757,Dylan Gambrell,C,27,11.88785959081329
758,Sam Poulin,R,22,11.882399158851774
759,Nicolas Aube-Kubel,R,27,11.869600719929501
760,Karson Kuhlman,C,28,11.857663004388789
761,Tomas Nosek,L,31,11.831065413415969
762,Michael Eyssimont,C,27,11.83079605297634
763,Austin Wagner,L,26,11.777897217070665
764,Josh Leivo,L,30,11.77523658413966
765,Andrew Cogliano,"C, L",36,11.76352778736338
766,Lane Pederson,C,26,11.761085612450193
767,William Carrier,L,29,11.723619588055879
768,Alexander Holtz,R,21,11.7118063215309
769,John Leonard,L,25,11.69632270631288
770,MacKenzie Entwistle,R,24,11.693579882003093
771,Morgan Barron,C,25,11.670586587741028
772,Nils Aman,C,23,11.668385250068857
773,Garnet Hathaway,R,32,11.649492241429815
774,Milan Lucic,L,35,11.647461247829364
775,Egor Afanasyev,L,22,11.624077624258565
776,Sam Gagner,C,34,11.592846999985841
777,Michael McCarron,R,28,11.59010138540863
778,Jack Drury,C,23,11.587984662134632
779,Nils Hoglander,L,23,11.575615789821553
780,Lukas Rousek,R,24,11.547165793484703
781,Trevor Lewis,C,36,11.539472772994174
782,Brett Seney,L,27,11.528503192417539
783,Oliver Wahlstrom,R,23,11.520968986967077
784,Sheldon Dries,C,29,11.509453251070193
785,Vinnie Hinostroza,L,29,11.45279536040792
786,Liam Foudy,C,23,11.438513069343088
787,Marc McLaughlin,C,24,11.43376717831733
788,Lias Andersson,C,25,11.428399723652136
789,Kristian Reichel,C,25,11.423540212483319
790,Taro Hirose,L,27,11.413665235510452
791,Nick Abruzzese,C,24,11.394917112261497
792,Michael Carcone,L,27,11.386003794217588
793,Steven Fogarty,C,30,11.374578831922621
794,Vitali Kravtsov,R,24,11.371139859675653
795,Drake Caggiula,"C, L",29,11.353382935822522
796,Mason Shaw,C,25,11.340789742169934
797,Oskar Lindblom,L,27,11.326789791694244
798,Laurent Dauphin,C,28,11.319922515621414
799,Zach Aston-Reese,C,29,11.316819077036607
800,Ryan Carpenter,C,32,11.31633280340229
801,Patric Hornqvist,R,36,11.308197519980865
802,Alex Barré-Boulet,C,26,11.30611737339372
803,Adam Beckman,L,22,11.271809538436077
804,Jesper Boqvist,C,25,11.235858568229496
805,Reese Johnson,C,25,11.231891704763214
806,Will Cuylle,L,21,11.223056508278017
807,Nicholas Robertson,L,22,11.17485856322042
808,Kevin Rooney,C,30,11.155630344815838
809,Nic Petan,L,28,11.104062804975724
810,Joe Snively,C,27,11.101421716686268
811,Anton Levtchi,L,28,11.093057798216952
812,Keegan Kolesar,R,26,11.092567390545714
813,Jonny Brodzinski,C,30,11.089902136088453
814,Charles Hudon,L,29,11.06710957893135
815,Dillon Heatherington,D,28,11.050270815822516
816,Parker Kelly,C,24,11.049773916068279
817,Taylor Fedun,D,35,11.044256022023129
818,Jaret Anderson-Dolan,C,24,11.005130938360567
819,Adam Erne,L,28,10.997590418018808
820,Nathan Bastian,R,26,10.9814225265835
821,Denis Malgin,C,26,10.980044306743473
822,Hayden Hodgson,R,27,10.953843136702787
823,Carl Grundstrom,R,26,10.94185649399033
824,Jonas Rondbjerg,R,24,10.940982010823875
825,Connor Dewar,C,24,10.911560209204389
826,Tyce Thompson,R,24,10.899123763893458
827,Pavol Regenda,L,24,10.887369111275214
828,Joel Kiviranta,L,27,10.873459162881765
829,Jack Studnicka,C,24,10.838038257317029
830,Craig Smith,R,34,10.836259459265968
831,Marian Studenic,R,25,10.831529804460933
832,Evgeny Svechnikov,R,27,10.829158868045127
833,Derek Ryan,C,37,10.780066267960137
834,Pontus Holmberg,R,24,10.76576727307891
835,Gabriel Fortier,L,23,10.755472556698923
836,Nathan Walker,L,29,10.749768707372079
837,Pierre-Edouard Bellemare,L,38,10.720252610189045
838,Jean-Luc Foudy,C,21,10.718779730627809
839,Alex Galchenyuk,C,29,10.715566072643655
840,Patrick Brown,C,31,10.714548945350415
841,Darren Helm,C,36,10.709619610171169
842,Mathieu Olivier,R,26,10.702699070572486
843,Rourke Chartier,C,27,10.701246283479895
844,Dylan Holloway,L,22,10.692255211588783
845,Markus Niemelainen,D,25,10.671736496183579
846,Henrik Borgstrom,C,26,10.657571007765036
847,Nikita Soshnikov,R,30,10.65199628133496
848,Byron Froese,C,32,10.618362965764277
849,Matt Kiersted,D,25,10.59358485207321
850,Matej Blumel,R,23,10.58495017349426
851,Buddy Robinson,R,32,10.572720861573293
852,Adam Ruzicka,C,24,10.543446304934802
853,Sammy Blais,L,27,10.539144937115946
854,Josh Dunne,C,25,10.502958798581076
855,Logan Brown,C,25,10.472750861077532
856,Brandon Duhaime,R,26,10.458427097587668
857,Matt Martin,L,34,10.449883319305153
858,Brendan Gaunce,C,29,10.447920456545207
859,Martin Kaut,R,24,10.442211647015647
860,Jesper Froden,R,29,10.426082055662983
861,Riley Tufte,L,25,10.423428625955417
862,Olle Lycksell,R,24,10.416721840783264
863,Grigori Denisenko,L,23,10.400163146670943
864,Saku Maenalanen,R,29,10.372458117870549
865,Kieffer Bellows,L,25,10.367080243510568
866,Tyler Pitlick,R,32,10.357975971780792
867,Mike Hardman,L,24,10.313897053463037
868,Matthew Phillips,C,25,10.306026918029405
869,Steven Lorentz,C,27,10.300953333869197
870,Chris Tierney,C,29,10.297342588617427
871,Liam O'Brien,C,29,10.29239635103477
872,Ryan Lomberg,L,29,10.286281014748063
873,Josh Archibald,R,31,10.286046607378445
874,Colin White,D,46,10.239106865759114
875,Dylan McIlrath,D,31,10.212306807263136
876,Matthew Highmore,C,27,10.144715557230924
877,Brett Ritchie,R,30,10.119925089124942
878,Aidan McDonough,L,24,10.114972370753833
879,Fredrik Olofsson,L,27,10.064145588169387
880,Vinni Lettieri,C,28,10.046687412691936
881,Jayson Megna,C,33,10.041110166329156
882,Maxime Lajoie,D,26,10.01213860009
883,Anthony Richard,C,27,9.992547773742272
884,Glenn Gawdin,C,26,9.985972601332513
885,Matt Luff,R,26,9.983753628075913
886,Fredrik Karlstrom,C,25,9.979609352768158
887,Jean-Sebastien Dea,C,29,9.96985209008572
888,Rasmus Kupari,C,23,9.960003813284878
889,Dryden Hunt,L,28,9.934797831435654
890,Aleksi Heponiemi,C,24,9.82683495170908
891,Radim Zohorna,L,27,9.783370464002012
892,Zack Kassian,R,32,9.768353750957282
893,Austin Czarnik,C,31,9.728205268010123
894,Sheldon Rempal,R,28,9.725771392489117
895,Carson Meyer,R,26,9.722940677901953
896,Bobby McMann,C,27,9.717833982406994
897,Ben Meyers,C,25,9.656571672286043
898,Tanner Laczynski,C,26,9.651031865314753
899,Alex Steeves,C,24,9.65033820532941
900,Jackson Cates,C,26,9.616957103532046
901,Dominic Toninato,C,29,9.608370090359381
902,Shane Wright,C,19,9.585791605644019
903,Julien Gauthier,R,26,9.585191511185805
904,Max Willman,C,28,9.566777340342247
905,Derek Stepan,C,33,9.477395778293234
906,Jake Leschyshyn,C,24,9.46486592892997
907,David Gustafsson,C,23,9.463051229986132
908,Jakub Lauko,C,23,9.376328197872127
909,Jan Jenik,R,23,9.319594440396207
910,Nicolas Deslauriers,L,32,9.305202865753932
911,Kyle Clifford,L,32,9.266507215580162
912,Jacob Lucchini,C,28,9.251922665607148
913,Klim Kostin,C,24,9.240785138282504
914,Nathan Smith,C,41,9.224169297667135
915,John Hayden,L,28,9.220174679222259
916,Oskar Steen,C,25,9.21192721048464
917,Axel Jonsson-Fjallby,L,25,9.19505305699707
918,Jeffrey Viel,L,26,9.090297320882252
919,Samuel Fagemo,L,23,9.088117751423427
920,Zack MacEwen,C,27,8.99697483421142
921,Brendan Lemieux,L,27,8.98395496326073
922,Austin Watson,L,31,8.89625407736716
923,Jansen Harkins,C,26,8.893675406992909
924,Sampo Ranta,L,23,8.892335573987511
925,A.J. Greer,L,27,8.864925160352927
926,Mikhail Maltsev,L,25,8.862868034787011
927,William Lockwood,R,25,8.860784925666405
928,Aatu Raty,C,21,8.793490060598886
929,Hugh McGing,L,25,8.764943511356547
930,Cole Bardreau,C,30,8.755988844004577
931,Wayne Simmonds,R,35,8.722771729633338
932,Ryan Reaves,R,36,8.71421318923602
933,Callahan Burke,C,26,8.657117479722555
934,Egor Sokolov,L,23,8.650385896336887
935,Devin Shore,C,29,8.645887667544153
936,Walker Duehr,R,26,8.645643557554337
937,Nikita Alexandrov,C,23,8.643219962311663
938,Nolan Foote,L,23,8.627282604230242
939,Zac Dalpe,C,34,8.591497672659978
940,Tyler Benson,L,25,8.527067529499831
941,Andy Andreoff,L,32,8.430020245631393
942,Joseph Cramarossa,C,31,8.41415569909409
943,Lucas Condotta,C,26,8.314889572667887
944,Michael Pezzetta,L,25,8.31245875965699
945,Joona Koppanen,L,25,8.090392413095763
946,Adam Raska,R,22,8.077071084162432
947,James Hamblin,L,24,8.075275523436384
948,Alex Turcotte,C,22,8.031005063616368
949,Jonah Gadjovich,L,25,7.974976715858977
950,Otto Koivula,L,25,7.9657167340162855
951,Ross Johnston,L,29,7.954199136388728
952,Mark Kastelic,C,24,7.920373878879076
953,Cole Koepke,L,25,7.917231783503378
954,Anton Blidh,L,28,7.861855408891477
955,Brad Malone,C,34,7.7991232321120005
956,Milos Kelemen,L,24,7.798431324105157
957,William Bitten,C,25,7.742725745717927
958,Bokondji Imama,L,27,7.6747253865678475
959,Givani Smith,R,25,7.653239258468293
960,Justin Kirkland,C,27,7.499082083304736
961,CJ Suess,L,29,7.4031503765584885
962,Jonathan Gruden,C,23,7.292500019309349
963,Kurtis MacDermid,D,29,6.560304373557227
964,Shane Bowers,C,24,6.447275561139368
