,Player,Team,GP,TOI,Shots Against,Saves,Goals Against,SV%,GAA,GSAA,xG Against,HD Shots Against,HD Saves,HD Goals Against,HDSV%,HDGAA,HDGSAA,MD Shots Against,MD Saves,MD Goals Against,MDSV%,MDGAA,MDGSAA,LD Shots Against,LD Saves,LD Goals Against,LDSV%,LDGAA,LDGSAA,Rush Attempts Against,Rebound Attempts Against,Avg. Shot Distance,Avg. Goal Distance
0,Jonathan Quick,NYR,25,1418.0,670,597,73,0.891,3.09,-2.95,72.49,178,139,39,0.781,1.65,-5.6,167,145,22,0.868,0.93,-0.51,307,295,12,0.961,0.51,1.5,26,134,35.04,19.63
1,James Reimer,OTT,14,817.78333333333,289,256,33,0.886,2.42,-2.78,34.44,75,58,17,0.773,1.25,-2.93,71,59,12,0.831,0.88,-2.86,130,126,4,0.969,0.29,1.72,11,59,34.85,19.03
2,Jacob Markstrom,N.J,44,2544.0166666667,1112,982,130,0.883,3.07,-13.73,119.16,304,240,64,0.789,1.51,-6.96,304,263,41,0.865,0.97,-1.87,451,426,25,0.945,0.59,-5.17,49,196,35.29,21.70
3,Jake Allen,N.J,37,2186.5666666667,1031,931,100,0.903,2.74,7.8,115.71,291,234,57,0.804,1.56,-2.4,286,255,31,0.892,0.85,5.81,410,398,12,0.971,0.33,6.03,26,238,34.1,17.37
4,Darcy Kuemper,L.A,50,2887.9,1234,1100,134,0.891,2.78,-4.98,131.45,348,286,62,0.822,1.29,3.29,328,282,46,0.86,0.96,-3.79,494,468,26,0.947,0.54,-4.28,52,240,34.28,19.95
5,Cam Talbot,DET,34,1750.1833333333,795,702,93,0.883,3.19,-9.88,82.6,215,162,53,0.753,1.82,-12.66,212,183,29,0.863,0.99,-1.72,329,318,11,0.967,0.38,3.47,33,121,34.74,18.71
6,Sergei Bobrovsky,FLA,52,3010.0166666667,1249,1095,154,0.877,3.07,-23.41,143.27,385,296,89,0.769,1.77,-16.76,287,244,43,0.85,0.86,-6.06,496,474,22,0.956,0.44,-0.19,54,241,35.91,18.78
7,Calvin Pickard,EDM,16,864.13333333333,410,357,53,0.871,3.68,-10.13,47.0,120,89,31,0.742,2.15,-8.49,128,113,15,0.883,1.04,1.47,143,136,7,0.951,0.49,-0.71,27,79,32.21,17.13
8,Scott Wedgewood,COL,45,2549.0666666667,1091,1005,86,0.921,2.02,28.07,114.73,291,244,47,0.838,1.11,7.6,251,231,20,0.92,0.47,12.3,482,463,19,0.961,0.45,2.2,54,209,36.41,18.69
9,Philipp Grubauer,SEA,32,1791.1,864,785,79,0.909,2.65,11.34,93.64,233,189,44,0.811,1.47,-0.28,215,193,22,0.898,0.74,5.67,381,368,13,0.966,0.44,3.76,32,186,34.51,19.54
10,Petr Mrazek,ANA,10,515.88333333333,247,212,35,0.858,4.07,-9.17,27.47,77,61,16,0.792,1.86,-1.55,70,56,14,0.8,1.63,-4.99,83,78,5,0.940,0.58,-1.35,9,41,35.08,21.57
11,Frederik Andersen,CAR,35,2101.8666666667,849,742,107,0.874,3.05,-18.23,107.69,281,220,61,0.783,1.74,-8.28,231,192,39,0.831,1.11,-9.27,282,275,7,0.975,0.2,5.4,29,196,33.63,18.09
12,Laurent Brossoit,S.J,1,59.15,24,18,6,0.75,6.09,-3.49,3.66,6,4,2,0.667,2.03,-0.87,9,7,2,0.778,2.03,-0.84,7,5,2,0.714,2.03,-1.69,0,7,36.42,22.17
13,Anton Forsberg,L.A,36,2032.1,950,863,87,0.908,2.57,12.33,101.0,246,212,34,0.862,1.0,12.16,247,214,33,0.866,0.97,-1.21,406,386,20,0.951,0.59,-2.15,36,194,34.81,20.77
14,Jordan Binnington,STL,41,2307.8,1010,882,128,0.873,3.33,-22.4,106.47,282,218,64,0.773,1.66,-11.09,256,219,37,0.855,0.96,-4.05,412,385,27,0.934,0.7,-8.88,38,220,35.26,21.21
15,John Gibson,DET,57,3181.2333333333,1462,1318,144,0.902,2.72,8.86,161.94,375,307,68,0.819,1.28,2.36,400,353,47,0.883,0.89,4.48,625,596,29,0.954,0.55,-1.51,52,291,34.75,22.49
16,Andrei Vasilevskiy,T.B,58,3430.75,1484,1352,132,0.911,2.31,23.16,162.85,414,351,63,0.848,1.1,14.68,410,369,41,0.9,0.72,11.77,586,558,28,0.952,0.49,-2.23,61,284,35.35,21.87
17,Matt Murray,SEA,5,216.88333333333,102,94,8,0.922,2.21,2.66,10.85,28,24,4,0.857,1.11,1.25,23,19,4,0.826,1.11,-1.04,47,47,0,1.000,0.0,2.07,5,20,37.09,18.00
18,Joonas Korpisalo,BOS,31,1713.0833333333,850,760,90,0.894,3.15,-1.13,96.49,253,212,41,0.838,1.44,6.47,212,179,33,0.844,1.16,-5.72,359,343,16,0.955,0.56,-0.21,37,185,32.73,20.59
19,Anthony Stolarz,TOR,26,1389.25,708,632,76,0.893,3.28,-1.97,74.0,191,157,34,0.822,1.47,1.84,200,168,32,0.84,1.38,-6.26,290,280,10,0.966,0.43,2.75,32,115,33.38,21.64
20,Connor Hellebuyck,WPG,57,3401.45,1546,1384,162,0.895,2.86,-0.35,176.22,427,347,80,0.813,1.41,0.12,425,365,60,0.859,1.06,-5.3,632,610,22,0.965,0.39,5.79,37,343,34.09,20.27
21,Linus Ullmark,OTT,49,2883.4666666667,1197,1066,131,0.891,2.73,-5.84,125.84,325,251,74,0.772,1.54,-13.02,323,284,39,0.879,0.81,2.57,496,478,18,0.964,0.37,3.81,55,220,34.42,19.17
22,Marcus Hogberg,NYI,1,13.483333333333,7,5,2,0.714,8.9,-1.27,0.64,2,1,1,0.500,4.45,-0.62,2,1,1,0.5,4.45,-0.74,3,3,0,1.000,0.0,0.13,0,2,27.14,20.00
23,Juuse Saros,NSH,59,3433.45,1699,1518,181,0.893,3.16,-3.36,172.56,484,380,104,0.785,1.82,-13.19,451,403,48,0.894,0.84,10.04,697,668,29,0.958,0.51,1.65,53,290,33.5,18.61
24,Tristan Jarry,"EDM, PIT",33,1773.6166666667,832,734,98,0.882,3.32,-11.01,96.86,242,203,39,0.839,1.32,6.4,231,192,39,0.831,1.32,-9.27,328,308,20,0.939,0.68,-5.58,28,178,32.26,22.88
25,Eric Comrie,WPG,25,1381.5,652,580,72,0.89,3.13,-3.83,72.58,177,140,37,0.791,1.61,-3.79,176,153,23,0.869,1.0,-0.35,266,254,12,0.955,0.52,-0.3,27,151,35.38,21.00
26,Spencer Martin,NYR,6,290.65,146,126,20,0.863,4.13,-4.73,16.3,42,31,11,0.738,2.27,-3.12,36,29,7,0.806,1.45,-2.37,63,61,2,0.968,0.41,0.77,7,31,34.52,17.85
27,Pheonix Copley,L.A,1,58.566666666667,28,25,3,0.893,3.07,-0.07,2.18,7,6,1,0.857,1.02,0.31,5,5,0,1.0,0.0,0.64,14,12,2,0.857,2.05,-1.38,0,2,38.43,24.67
28,Thatcher Demko,VAN,20,1115.8666666667,513,459,54,0.895,2.9,-0.36,58.7,157,126,31,0.803,1.67,-1.54,126,111,15,0.881,0.81,1.22,217,209,8,0.963,0.43,1.54,13,98,31.59,20.02
29,Alex Nedeljkovic,S.J,40,2277.9666666667,1049,940,109,0.896,2.87,0.68,109.53,310,258,52,0.832,1.37,6.16,267,230,37,0.861,0.97,-2.64,421,402,19,0.955,0.5,-0.49,45,180,34.46,22.36
30,Vitek Vanecek,UTA,22,1207.5666666667,506,447,59,0.883,2.93,-6.09,59.2,159,127,32,0.799,1.59,-2.17,124,105,19,0.847,0.94,-3.04,203,195,8,0.961,0.4,0.93,24,121,33.75,19.64
31,Brandon Halverson,T.B,2,56.883333333333,21,17,4,0.81,4.22,-1.8,2.57,7,6,1,0.857,1.05,0.31,6,4,2,0.667,2.11,-1.23,7,6,1,0.857,1.05,-0.69,0,4,31.29,30.50
32,Jonas Johansson,T.B,25,1423.5166666667,670,592,78,0.884,3.29,-7.95,68.09,176,138,38,0.784,1.6,-4.98,179,145,34,0.81,1.43,-10.96,279,273,6,0.978,0.25,6.27,30,116,36.2,20.10
33,Elvis Merzlikins,CBJ,30,1678.6166666667,810,715,95,0.883,3.4,-10.31,91.57,235,198,37,0.843,1.32,7.09,217,181,36,0.834,1.29,-8.07,326,304,22,0.933,0.79,-7.66,20,167,33.91,24.44
34,Ilya Sorokin,NYI,55,3226.1666666667,1529,1385,144,0.906,2.68,15.87,186.07,505,439,66,0.869,1.23,28.75,402,348,54,0.866,1.0,-2.26,552,528,24,0.957,0.45,0.28,47,348,31.91,20.22
35,Ville Husso,ANA,20,1145.6333333333,535,473,62,0.884,3.25,-6.06,60.25,150,119,31,0.793,1.62,-2.86,145,124,21,0.855,1.1,-2.34,213,203,10,0.953,0.52,-0.63,12,117,34.66,19.94
36,Igor Shesterkin,NYR,51,3024.2166666667,1421,1295,126,0.911,2.5,22.58,154.62,374,313,61,0.837,1.21,9.17,408,366,42,0.897,0.83,10.51,574,551,23,0.960,0.46,2.24,44,293,35.34,21.09
37,Mackenzie Blackwood,COL,38,2155.6666666667,931,841,90,0.903,2.51,7.34,105.94,265,219,46,0.826,1.28,3.72,254,224,30,0.882,0.84,2.69,368,354,14,0.962,0.39,2.18,36,214,33.96,19.64
38,Dan Vladar,PHI,52,2995.2166666667,1281,1160,121,0.906,2.42,12.94,137.43,310,258,52,0.832,1.04,6.16,346,296,50,0.855,1.0,-5.47,564,545,19,0.966,0.38,5.8,55,265,35.88,21.93
39,Sam Montembeault,MTL,25,1418.2,636,555,81,0.873,3.43,-14.5,79.62,204,161,43,0.789,1.82,-4.72,177,155,22,0.876,0.93,0.78,222,206,16,0.928,0.68,-6.24,22,140,33.52,21.58
40,Adin Hill,VGK,27,1497.8166666667,586,510,76,0.87,3.04,-14.73,61.49,157,117,40,0.745,1.6,-10.54,150,126,24,0.84,0.96,-4.69,239,227,12,0.950,0.48,-1.49,29,98,36.96,19.11
41,Karel Vejmelka,UTA,64,3692.75,1627,1458,169,0.896,2.75,1.11,187.58,441,351,90,0.796,1.46,-7.26,428,375,53,0.876,0.86,2.08,658,632,26,0.960,0.42,2.94,69,345,35.91,18.91
42,Joey Daccord,SEA,47,2693.3333333333,1306,1170,136,0.896,3.03,0.55,139.08,315,248,67,0.787,1.49,-7.9,330,295,35,0.894,0.78,7.47,600,566,34,0.943,0.76,-7.61,39,275,35.45,19.94
43,Connor Ingram,EDM,32,1778.2333333333,759,682,77,0.899,2.6,2.36,84.45,195,158,37,0.810,1.25,-0.41,209,180,29,0.861,0.98,-2.1,318,307,11,0.965,0.37,2.98,26,150,34.63,21.06
44,Casey DeSmith,DAL,30,1755.0,760,689,71,0.907,2.43,8.46,84.61,207,171,36,0.826,1.23,2.84,194,173,21,0.892,0.72,3.97,331,318,13,0.961,0.44,1.56,28,148,34.81,21.59
45,Charlie Lindgren,WSH,22,1310.1333333333,601,528,73,0.879,3.34,-10.16,66.68,163,125,38,0.767,1.74,-7.42,163,143,20,0.877,0.92,0.98,249,235,14,0.944,0.64,-3.05,25,95,34.21,22.47
46,Alex Lyon,BUF,36,1993.8166666667,980,888,92,0.906,2.77,10.47,107.3,278,227,51,0.817,1.53,1.16,263,234,29,0.89,0.87,4.85,388,376,12,0.969,0.36,5.06,37,196,34.99,19.84
47,Joseph Woll,TOR,39,2230.0666666667,1221,1097,124,0.898,3.34,3.66,122.91,307,257,50,0.837,1.35,7.6,342,285,57,0.833,1.53,-12.98,526,509,17,0.968,0.46,6.13,42,210,34.49,20.39
48,Carter Hart,VGK,18,1019.7833333333,420,374,46,0.89,2.71,-2.09,41.95,95,74,21,0.779,1.24,-3.18,134,120,14,0.896,0.82,3.25,172,161,11,0.936,0.65,-3.44,13,80,36.03,23.37
49,Filip Gustavsson,MIN,50,2967.9166666667,1376,1243,133,0.903,2.69,10.87,143.2,379,307,72,0.810,1.46,-0.89,349,311,38,0.891,0.77,6.92,575,552,23,0.960,0.46,2.29,55,264,34.84,19.72
50,David Rittich,NYI,30,1651.35,719,643,76,0.894,2.76,-0.82,85.31,205,171,34,0.834,1.24,4.46,190,158,32,0.832,1.16,-7.55,289,279,10,0.965,0.36,2.71,34,160,34.71,20.41
51,Stuart Skinner,"EDM, PIT",50,2921.95,1266,1124,142,0.888,2.92,-9.63,154.16,367,293,74,0.798,1.52,-5.14,372,332,40,0.892,0.82,7.88,476,448,28,0.941,0.57,-7.07,51,279,33.24,20.19
52,Jake Oettinger,DAL,54,3194.1833333333,1372,1234,138,0.899,2.59,5.45,151.12,366,302,64,0.825,1.2,4.67,343,291,52,0.848,0.98,-7.86,584,562,22,0.962,0.41,3.68,53,262,37.21,21.69
53,Michael DiPietro,BOS,1,6.05,2,2,0,1.0,0.0,0.21,0.13,0,0,0,-,0.0,0.0,2,2,0,1.0,0.0,0.26,0,0,0,-,0.0,0.0,0,0,31.0,-
54,Ukko-Pekka Luukkonen,BUF,36,2088.2833333333,927,842,85,0.908,2.44,11.92,99.29,259,215,44,0.830,1.26,4.59,241,213,28,0.884,0.8,3.02,372,359,13,0.965,0.37,3.36,40,183,36.14,20.14
55,Cayden Primeau,TOR,3,181.46666666667,80,67,13,0.838,4.3,-4.64,6.83,16,11,5,0.688,1.65,-2.0,30,25,5,0.833,1.65,-1.14,32,29,3,0.906,0.99,-1.59,4,15,34.66,27.38
56,Daniil Tarasov,FLA,33,1905.6666666667,924,827,97,0.895,3.05,-0.39,102.44,244,198,46,0.811,1.45,-0.22,254,226,28,0.89,0.88,4.69,374,351,23,0.939,0.72,-6.55,34,189,36.0,23.14
57,Jiri Patera,VAN,1,56.816666666667,40,33,7,0.825,7.39,-2.82,3.73,12,10,2,0.833,2.11,0.25,12,8,4,0.667,4.22,-2.46,15,14,1,0.933,1.06,-0.34,0,5,29.3,18.43
58,Jeremy Swayman,BOS,55,3235.2833333333,1570,1424,146,0.907,2.71,18.15,186.35,452,379,73,0.838,1.35,11.81,410,374,36,0.912,0.67,16.77,641,604,37,0.942,0.69,-8.81,59,352,33.74,21.60
59,Logan Thompson,WSH,58,3445.05,1587,1447,140,0.912,2.44,25.93,188.23,451,375,76,0.831,1.32,8.62,397,358,39,0.902,0.68,12.09,662,637,25,0.962,0.44,4.11,54,352,34.55,19.91
60,Lukas Dostal,ANA,56,3267.9333333333,1513,1344,169,0.888,3.1,-10.8,181.02,448,368,80,0.821,1.47,4.06,440,380,60,0.864,1.1,-3.37,552,523,29,0.947,0.53,-4.72,63,321,33.86,20.91
61,Kevin Lankinen,VAN,47,2592.35,1281,1121,160,0.875,3.7,-26.06,139.39,390,308,82,0.790,1.9,-8.83,332,278,54,0.837,1.25,-11.27,497,473,24,0.952,0.56,-2.14,30,253,33.83,19.83
62,Joel Hofer,STL,46,2624.65,1249,1135,114,0.909,2.61,16.59,127.83,310,244,66,0.787,1.51,-7.84,311,280,31,0.9,0.71,9.03,568,551,17,0.970,0.39,7.98,36,218,36.9,19.41
63,Justus Annunen,NSH,28,1500.5333333333,710,643,67,0.906,2.68,7.24,80.5,205,175,30,0.854,1.2,8.46,190,164,26,0.863,1.04,-1.55,285,274,11,0.961,0.44,1.53,12,122,33.28,21.84
64,Akira Schmid,VGK,34,1965.7833333333,793,708,85,0.893,2.59,-2.09,86.64,195,155,40,0.795,1.22,-3.41,227,203,24,0.894,0.73,5.22,333,312,21,0.937,0.64,-6.36,33,191,35.34,22.58
65,Samuel Ersson,PHI,34,1930.35,743,646,97,0.869,3.01,-19.31,85.02,191,150,41,0.785,1.27,-5.16,223,185,38,0.83,1.18,-9.3,294,276,18,0.939,0.56,-5.07,27,134,34.95,22.65
66,Spencer Knight,CHI,55,3293.25,1583,1428,155,0.902,2.82,10.51,178.18,485,413,72,0.852,1.31,19.0,399,340,59,0.852,1.07,-7.65,608,584,24,0.961,0.44,2.74,42,339,33.83,19.59
67,Trent Miner,COL,4,236.56666666667,105,97,8,0.924,2.03,2.98,9.54,15,15,0,1.000,0.0,2.81,32,26,6,0.813,1.52,-1.88,51,49,2,0.961,0.51,0.24,2,18,39.4,26.00
68,Mads Sogaard,OTT,2,77.416666666667,36,30,6,0.833,4.65,-2.24,3.83,10,9,1,0.900,0.78,0.88,9,8,1,0.889,0.78,0.16,15,11,4,0.733,3.1,-3.34,3,6,38.0,36.00
69,Colten Ellis,BUF,16,911.33333333333,455,411,44,0.903,2.9,3.57,47.91,128,107,21,0.836,1.38,3.02,108,94,14,0.87,0.92,-0.1,193,184,9,0.953,0.59,-0.51,13,90,35.58,19.20
70,Pyotr Kochetkov,CAR,9,490.15,189,170,19,0.899,2.33,0.76,18.93,45,34,11,0.756,1.35,-2.56,66,59,7,0.894,0.86,1.49,65,64,1,0.985,0.12,1.86,15,32,37.65,17.32
71,Arturs Silovs,PIT,39,2247.2,1020,905,115,0.887,3.07,-8.35,107.65,267,207,60,0.775,1.6,-9.9,306,272,34,0.889,0.91,5.38,404,383,21,0.948,0.56,-3.23,32,183,34.0,20.57
72,Dustin Wolf,CGY,57,3149.2333333333,1557,1399,158,0.899,3.01,4.8,161.48,418,333,85,0.797,1.62,-6.57,420,368,52,0.876,0.99,2.05,630,609,21,0.967,0.4,6.71,35,296,34.78,18.50
73,Nico Daws,N.J,3,183.26666666667,87,79,8,0.908,2.62,1.1,10.51,31,26,5,0.839,1.64,0.82,23,20,3,0.87,0.98,-0.04,28,28,0,1.000,0.0,1.23,2,20,31.55,16.63
74,Drew Commesso,CHI,3,181.71666666667,85,78,7,0.918,2.31,1.89,8.65,22,16,6,0.727,1.98,-1.87,26,25,1,0.962,0.33,2.35,32,32,0,1.000,0.0,1.41,6,16,36.04,13.00
75,Yaroslav Askarov,S.J,47,2596.4833333333,1342,1185,157,0.883,3.63,-16.68,147.73,363,291,72,0.802,1.66,-3.89,369,313,56,0.848,1.29,-8.51,557,528,29,0.948,0.67,-4.5,45,282,33.89,21.57
76,Dylan Garand,NYR,3,185.0,96,91,5,0.948,1.62,5.04,9.66,25,21,4,0.840,1.3,0.69,23,22,1,0.957,0.32,1.96,44,44,0,1.000,0.0,1.94,1,11,36.54,12.60
77,Hunter Shepard,OTT,1,37.283333333333,12,10,2,0.833,3.22,-0.75,1.36,1,1,0,1.000,0.0,0.19,7,5,2,0.714,3.22,-1.1,4,4,0,1.000,0.0,0.18,2,2,33.0,27.50
78,Devin Cooley,CGY,31,1718.0,846,769,77,0.909,2.69,11.46,99.64,260,223,37,0.858,1.29,11.78,234,204,30,0.872,1.05,0.12,300,290,10,0.967,0.35,3.19,24,190,34.03,20.29
79,Leevi Meriläinen,OTT,20,1094.4833333333,457,393,64,0.86,3.51,-16.22,47.85,131,101,30,0.771,1.64,-5.42,107,85,22,0.794,1.21,-8.23,194,182,12,0.938,0.66,-3.47,26,97,35.97,22.70
80,Jakub Dobes,MTL,43,2525.5833333333,1186,1069,117,0.901,2.78,7.0,140.61,329,270,59,0.821,1.4,2.73,311,270,41,0.868,0.97,-0.97,488,471,17,0.965,0.4,4.46,52,275,35.75,20.62
81,Artur Akhtyamov,TOR,3,126.0,82,71,11,0.866,5.24,-2.43,10.3,28,21,7,0.750,3.33,-1.75,17,14,3,0.824,1.43,-0.81,34,33,1,0.971,0.48,0.5,3,16,31.23,13.73
82,Jesper Wallstedt,MIN,35,1996.65,1020,933,87,0.915,2.61,19.65,100.84,246,203,43,0.825,1.29,3.16,306,272,34,0.889,1.02,5.38,428,418,10,0.977,0.3,8.82,34,167,34.84,20.47
83,Carl Lindbom,VGK,8,480.66666666667,189,165,24,0.873,3.0,-4.24,21.03,44,30,14,0.682,1.75,-5.74,59,53,6,0.898,0.75,1.59,77,73,4,0.948,0.5,-0.61,8,43,34.0,19.63
84,Aleksei Kolosov,PHI,4,120.01666666667,47,39,8,0.83,4.0,-3.09,4.56,10,8,2,0.800,1.0,-0.12,13,10,3,0.769,1.5,-1.33,21,18,3,0.857,1.5,-2.08,0,6,34.81,22.13
85,Arvid Soderblom,CHI,26,1468.6166666667,774,681,93,0.88,3.8,-12.07,88.07,267,209,58,0.783,2.37,-7.9,193,168,25,0.87,1.02,-0.16,284,274,10,0.965,0.41,2.49,13,156,31.89,18.71
86,Arsenii Sergeev,CGY,1,60.0,28,27,1,0.964,1.0,1.93,3.54,10,9,1,0.900,1.0,0.88,9,9,0,1.0,0.0,1.16,7,7,0,1.000,0.0,0.31,1,8,32.96,6.00
87,Jet Greaves,CBJ,55,3276.1,1533,1391,142,0.907,2.6,18.29,163.01,412,348,64,0.845,1.17,13.3,386,343,43,0.889,0.79,6.68,663,629,34,0.949,0.62,-4.84,47,287,36.05,22.87
88,Thomas Milic,WPG,3,138.63333333333,62,54,8,0.871,3.46,-1.52,5.77,13,11,2,0.846,0.87,0.44,17,12,5,0.706,2.16,-2.81,28,27,1,0.964,0.43,0.23,4,12,40.65,26.75
89,Clay Stevenson,WSH,4,239.73333333333,101,93,8,0.921,2.0,2.56,12.13,24,20,4,0.833,1.0,0.5,24,23,1,0.958,0.25,2.09,49,46,3,0.939,0.75,-0.85,2,21,37.69,28.88
90,Brandon Bussi,CAR,39,2360.8166666667,911,814,97,0.894,2.47,-1.75,101.44,282,230,52,0.816,1.32,0.91,267,235,32,0.88,0.81,2.36,307,294,13,0.958,0.33,0.5,24,188,33.47,19.34
91,Nikke Kokko,SEA,3,177.68333333333,82,73,9,0.89,3.04,-0.43,9.02,17,13,4,0.765,1.35,-0.81,29,25,4,0.862,1.35,-0.27,29,28,1,0.966,0.34,0.28,3,13,37.78,24.33
92,Sergei Murashov,PIT,5,281.28333333333,116,104,12,0.897,2.56,0.13,11.64,24,21,3,0.875,0.64,1.5,26,22,4,0.846,0.85,-0.65,64,59,5,0.922,1.07,-2.19,6,12,35.19,25.08
93,Dennis Hildeby,TOR,20,1008.7333333333,549,501,48,0.913,2.86,9.4,62.21,160,134,26,0.838,1.55,4.02,142,133,9,0.937,0.54,9.28,230,217,13,0.943,0.77,-2.89,16,124,32.98,21.27
94,Vyacheslav Buteyets,ANA,1,20.0,13,10,3,0.769,9.0,-1.64,1.13,4,3,1,0.750,3.0,-0.25,3,3,0,1.0,0.0,0.39,6,4,2,0.667,6.0,-1.74,2,1,26.46,21.67
95,Jacob Fowler,MTL,17,1010.7,446,405,41,0.908,2.43,5.63,51.63,128,105,23,0.820,1.37,1.02,132,120,12,0.909,0.71,4.99,168,162,6,0.964,0.36,1.39,18,105,33.53,18.93
96,Nikita Tolopilo,VAN,21,1145.6833333333,581,512,69,0.881,3.61,-8.25,64.38,166,135,31,0.813,1.62,0.15,169,144,25,0.852,1.31,-3.25,226,213,13,0.942,0.68,-3.06,21,109,32.77,20.42
97,Victor Ostman,SEA,1,57.166666666667,35,33,2,0.943,2.1,1.66,3.21,4,4,0,1.000,0.0,0.75,11,10,1,0.909,1.05,0.42,18,17,1,0.944,1.05,-0.21,0,3,39.11,13.00
