,Abbreviation,Team,Wins,Losses,OTL,Goals For,Goals Against,Points,Presidents,Playoffs,Pts_90PI_low,Pts_90PI_high,P_60Pts,P_70Pts,P_80Pts,P_90Pts,P_100Pts,P_110Pts,P_120Pts
0,COL,Colorado Avalanche,56.459276407965866,23.35430151394535,4.18642207808879,314.71523781209606,226.46863944616982,117.10497489402053,0.14925919151271264,0.8628132430949332,82.0,149.0,0.9967075178342784,0.9873788183647338,0.9608560453630877,0.9092738247667825,0.8119626852021218,0.6659959758551308,0.5019206145966709
1,TBL,Tampa Bay Lightning,54.428791532561135,25.091072375144172,4.480136092294713,289.6502260567769,221.0300946860297,113.33771915741698,0.10901774282055972,0.8293396744100969,79.0,146.0,0.9945125297237973,0.9829888421437717,0.946771538320834,0.8829339674410097,0.7702579111029815,0.6147795866105725,0.43259557344064387
2,UTA,Utah Mammoth,54.01844992063544,25.34375112875753,4.637798950607006,285.09788435497984,214.72120998085987,112.67469879187789,0.11578562282787636,0.8408633619901226,81.0,147.0,0.9959758551307847,0.984817998902506,0.9579293945491129,0.8929943296140479,0.7901957197731846,0.6409365282604719,0.45710627400768244
3,DAL,Dallas Stars,52.06370148174234,27.14828618723578,4.7880123310219025,277.79031890786825,218.5779153399029,108.91541529450659,0.05432595573440644,0.7441009694530821,72.0,140.0,0.9860984086336199,0.9586610572526065,0.905615511249314,0.8198280592646789,0.680812145600878,0.49625022864459484,0.3071154197914761
4,EDM,Edmonton Oilers,50.63444337291481,27.411297231404987,5.954259395680186,308.68301242852874,257.52457723624013,107.2231461415098,0.07920248765319188,0.798609840863362,74.0,144.0,0.9946954453996707,0.9700018291567587,0.9200658496433144,0.8282421803548564,0.6970916407536126,0.5357600146332541,0.3583318090360344
5,ANA,Anaheim Ducks,49.817538196374514,28.951353842816843,5.231107960808645,299.93709835172876,257.2705578868827,104.86618435355767,0.04902140113407719,0.7548929943296141,72.0,139.0,0.9881104810682275,0.962319370770075,0.8970184744832632,0.7865374062557161,0.650082312054143,0.47356868483629044,0.2955917322114505
6,OTT,Ottawa Senators,49.68099195495179,29.13235834118945,5.18664970385877,292.46721000652803,248.66497231577952,104.54863361376236,0.053594293030912746,0.718492774830803,72.0,140.69999999999982,0.9877446497164807,0.9628681177976952,0.8992134625937442,0.7863544905798427,0.6378269617706237,0.47283702213279677,0.3001646241082861
7,NJD,New Jersey Devils,49.71485670969656,29.17053127457933,5.114612015724086,281.35515453793323,241.8352177393033,104.54432543511722,0.035302725443570514,0.680812145600878,68.30000000000001,137.0,0.9831717578196452,0.9447594658862265,0.8743369306749589,0.7548929943296141,0.59593927199561,0.42015730748125113,0.2487653191878544
8,CAR,Carolina Hurricanes,49.1263812750174,28.64753279448528,6.226085930497327,279.9875149970294,240.61708443511745,104.47884848053212,0.0532284616791659,0.749222608377538,72.0,141.0,0.9919517102615694,0.9626852021218218,0.9125663069325041,0.8187305652094384,0.674775928297055,0.49057984269251875,0.3045546003292482
9,VGK,Vegas Golden Knights,48.55224699323487,29.971563042792965,5.476189963972172,280.3063194007105,243.08584389910482,102.58068395044191,0.04243643680263399,0.725443570513993,69.0,138.0,0.9851838302542528,0.9451252972379733,0.878726906895921,0.7645875251509054,0.6118529357965977,0.4305835010060362,0.26303274190598136
10,TOR,Toronto Maple Leafs,48.01116746985954,30.393024033946666,5.59580849619376,261.6636785837932,228.93784588929137,101.61814343591283,0.03621730382293763,0.6647155661240168,70.0,138.0,0.9862813243094933,0.9518931772452899,0.8717761112127309,0.7558075727089811,0.5920980428022682,0.4175964880190232,0.24748490945674045
11,MTL,Montréal Canadiens,46.099405824898355,31.29314298697007,6.607451188131558,288.14807654698507,263.3976660842546,98.80626283792827,0.026888604353393086,0.6001463325406987,64.0,134.0,0.9674410096945308,0.9184196085604537,0.8340954819828059,0.6954453996707518,0.5291750503018109,0.3576001463325407,0.20358514724711907
12,MIN,Minnesota Wild,45.729171635365766,31.36348268942346,6.907345675210769,273.6001581259539,250.94339151479932,98.3656889459423,0.03566855679531736,0.6120358514724712,66.0,137.0,0.9769526248399488,0.9308578745198464,0.8425096030729834,0.7168465337479422,0.5445399670751784,0.37278214743003474,0.21090177428205598
13,WSH,Washington Capitals,45.78572967344945,32.27644837083807,5.937821955712471,272.8781134436048,250.4371171206303,97.50928130261137,0.02030364002194988,0.5725260654838119,63.0,134.0,0.9650631059081763,0.9059813426010609,0.8013535760014633,0.6659959758551308,0.49149442107188585,0.32119992683372967,0.17376989207975124
14,CBJ,Columbus Blue Jackets,44.2170927598969,33.70302436459214,6.079882875510963,278.1150427879657,265.21500657715507,94.51406839530476,0.014084507042253521,0.5171026156941649,60.0,130.0,0.9524419242729102,0.8801902323029084,0.7649533565026523,0.612401682824218,0.43844887506859337,0.2705322846167917,0.14084507042253522
15,NYR,New York Rangers,43.83833886927173,34.051004858821216,6.110656271907044,273.9944371217963,263.8729947016802,93.78733401045051,0.029266508139747575,0.6160599963416865,66.0,135.0,0.9738430583501007,0.9321382842509603,0.8428754344247302,0.7003841229193342,0.5346625205780136,0.35741723065666725,0.2028534845436254
16,STL,St. Louis Blues,43.67720013016428,34.0703069922097,6.252492877626011,255.68764175283306,246.47023874054292,93.60689313795457,0.016645326504481434,0.5108834827144686,59.0,131.0,0.9496981891348089,0.8758002560819462,0.7665995975855131,0.619352478507408,0.4362538869581123,0.2677885494786903,0.13901591366380098
17,WPG,Winnipeg Jets,42.879415713489784,33.686835875190255,7.433748411319953,259.0143924950491,255.57944579502313,93.19257983829952,0.022864459484177795,0.5505761843790012,63.0,133.0,0.9678068410462777,0.9032376074629596,0.7987927565392354,0.649167733674776,0.47759282970550576,0.3051033473568685,0.16992866288640937
18,PIT,Pittsburgh Penguins,42.89662059717234,34.851230215491746,6.252149187335945,280.38430937644415,270.85747468977377,92.04539038168062,0.014450338394000365,0.5141759648801902,61.0,131.0,0.9579293945491129,0.8882385220413389,0.7671483446131333,0.607645875251509,0.43735138101335286,0.2741905981342601,0.14578379367111763
19,DET,Detroit Red Wings,39.36884513494445,37.61713964517158,7.0140152198839605,238.7793640217391,251.05990814161026,85.75170548977286,0.006767880007316627,0.36802633985732575,53.0,123.0,0.9052496798975672,0.8013535760014633,0.6477044082677885,0.4722882751051765,0.30071337113590635,0.16261203585147246,0.07499542710810317
20,LAK,Los Angeles Kings,38.3191644956151,37.811103714767114,7.869731789617773,258.9290374944485,279.09826017309456,84.50806078084797,0.005121638924455826,0.3890616425827693,52.0,122.0,0.8893360160965795,0.7792207792207793,0.62319370770075,0.4459484177794037,0.2846167916590452,0.1531004207060545,0.0638375708798244
21,FLA,Florida Panthers,36.89595120445151,38.1433155468719,8.96073324867661,255.54541322641884,282.92384840358795,82.75263565757962,0.00621913297969636,0.3682092555331992,54.0,124.0,0.9105542344978965,0.8070239619535394,0.645326504481434,0.47247119078104993,0.30217669654289375,0.16498993963782696,0.07664166819096396
22,SEA,Seattle Kraken,36.75228291421687,40.00669507686103,7.241022008922102,249.39160882098818,273.7261240091023,80.74558783735584,0.006767880007316627,0.373330894457655,53.0,121.0,0.9004938723248582,0.7783062008414121,0.610206694713737,0.4351563929028718,0.26742271812694346,0.14139381745015547,0.06200841412109018
23,NSH,Nashville Predators,36.337589165038644,39.80057561761172,7.861835217349643,263.1932778009774,295.8033929777609,80.53701354742694,0.004024144869215292,0.293213828425096,51.0,120.0,0.878726906895921,0.7486738613499176,0.5882568136089262,0.4091823669288458,0.2478507408084873,0.12730931040790197,0.05341137735503933
24,BOS,Boston Bruins,35.99842698852128,40.86062629722466,7.1409467142540795,244.7069700503219,280.7426489600759,79.13780069129665,0.0053045546003292485,0.2952259008597037,51.0,119.0,0.8849460398756174,0.757453813791842,0.5818547649533565,0.3961953539418328,0.235595390524968,0.11999268337296506,0.0499359795134443
25,BUF,Buffalo Sabres,34.194904381914796,42.457883235097384,7.347212382987805,251.67615353359508,301.14302105995,75.7370211468174,0.0016462410828608012,0.2515090543259557,48.0,117.69999999999982,0.8500091457837937,0.6956283153466252,0.5194805194805194,0.3502835192976038,0.21017011157856227,0.10078653740625572,0.04133894274739345
26,SJS,San Jose Sharks,33.837965775829616,42.60541524058731,7.556618983583076,236.16155678418542,288.43462268464936,75.23255053524231,0.0038412291933418692,0.28059264678982987,49.0,117.0,0.8437900128040973,0.6921529175050302,0.5203950978598866,0.353393085787452,0.1957197731845619,0.09749405524053412,0.04005853301627949
27,NYI,New York Islanders,30.423529327146976,45.592769693922776,7.983700978930249,221.44263849276658,281.05983292738995,68.8307596332242,0.001097494055240534,0.15858789098225717,42.0,111.0,0.7366014267422718,0.5580757270898116,0.37790378635449057,0.2176696542893726,0.11670020120724346,0.05524053411377355,0.02030364002194988
28,VAN,Vancouver Canucks,28.71473096715234,47.58980780684662,7.695461226001029,238.1721530925027,315.9338067989431,65.12492316030571,0.000548747027620267,0.14432046826413023,42.0,106.0,0.7161148710444485,0.5218584232668739,0.33034571062740076,0.18931772452899215,0.09145783793671118,0.0360343881470642,0.012255350283519298
29,PHI,Philadelphia Flyers,26.57193598074853,47.48761628997965,9.940447729271822,214.27959859899528,303.28265132505635,63.084319690768886,0.000548747027620267,0.09584781415767331,38.30000000000001,103.0,0.6352661423083958,0.4474117431863911,0.2716297786720322,0.14450338394000367,0.06749588439729284,0.02871776111212731,0.009145783793671118
30,CGY,Calgary Flames,24.832269594729787,50.72398559736282,8.443744807907374,193.97864979546904,294.1366258744902,58.10828399736695,0.0,0.06475214925919151,33.0,96.0,0.5101518200109749,0.31863910737150175,0.17706237424547283,0.08340954819828059,0.03365648436070971,0.01170660325589903,0.002012072434607646
31,CHI,Chicago Blackhawks,24.121583551027218,51.80358676088293,8.074829688089878,207.37517014602176,314.255381532783,56.31799679014431,0.000548747027620267,0.05450887141027986,34.0,97.0,0.5192976038046461,0.3387598317175782,0.19041521858423266,0.08981159685385037,0.03969270166453265,0.014267422718126943,0.0053045546003292485
