,PlayerID,Player,Team,Position,Age,ATOI
0,8477495,Seth Jones,CHI,D,30,0.25065733309822563
1,8478469,Thomas Chabot,OTT,D,27,0.24848663700006215
2,8470613,Brent Burns,CAR,D,39,0.3622196057219354
3,8471724,Kris Letang,PIT,D,37,0.27371315846885347
4,8474563,Drew Doughty,LAK,D,35,0.30062141308277246
5,8480069,Cale Makar,COL,D,26,0.2851292852548478
6,8478460,Zach Werenski,CBJ,D,27,0.28956937013978334
7,8474600,Roman Josi,NSH,D,34,0.2567508836198651
8,8478038,Devon Toews,COL,D,30,0.2257621121164641
9,8480800,Quinn Hughes,VAN,D,25,0.23850934616531544
10,8475167,Victor Hedman,TBL,D,34,0.2622666521132179
11,8477498,Darnell Nurse,EDM,D,29,0.2567181662020913
12,8477932,Aaron Ekblad,FLA,D,28,0.2642463865541348
13,8478500,Ivan Provorov,CBJ,D,27,0.26496173208620577
14,8480036,Miro Heiskanen,DAL,D,25,0.22183988053100148
15,8474565,Alex Pietrangelo,VGK,D,34,0.2194268475624338
16,8479325,Charlie McAvoy,BOS,D,27,0.2028505874809714
17,8475764,Cam Fowler,ANA,D,33,0.2224021750796024
18,8480839,Rasmus Dahlin,BUF,D,24,0.20725996480041042
19,8479323,Adam Fox,NYR,D,26,0.21461008491504946
20,8474590,John Carlson,WSH,D,34,0.3020411672616979
21,8476853,Morgan Rielly,TOR,D,30,0.21678809991162526
22,8477504,Josh Morrissey,WPG,D,29,0.22628124671656233
23,8470600,Ryan Suter,DAL,D,39,0.2900596491414557
24,8476923,Damon Severson,CBJ,D,30,0.22099793290555372
25,8476892,Colton Parayko,STL,D,31,0.24651516668249848
26,8476958,Jaccob Slavin,CAR,D,30,0.20599052717552124
27,8475218,Mattias Ekholm,EDM,D,34,0.2384086777313502
28,8474578,Erik Karlsson,PIT,D,34,0.2931479907171404
29,8476463,Jonas Brodin,MIN,D,31,0.2456647841926288
30,8477346,MacKenzie Weegar,CGY,D,30,0.24837819306447959
31,8475753,Justin Faulk,STL,D,32,0.24355717971181987
32,8477447,Shea Theodore,VGK,D,29,0.21531488667886725
33,8476856,Mathew Dumba,MIN,D,30,0.23439814010871704
34,8481542,Moritz Seider,DET,D,23,0.23360848567654574
35,8479983,Mario Ferraro,SJS,D,26,0.27648930204658756
36,8479345,Jakob Chychrun,OTT,D,26,0.21197073090890334
37,8477948,Travis Sanheim,PHI,D,28,0.2372731917190787
38,8475279,Ben Chiarot,DET,D,33,0.23173280052470047
39,8478397,Rasmus Andersson,CGY,D,28,0.20645823433225347
40,8476854,Hampus Lindholm,BOS,D,30,0.22370884095004137
41,8479410,Mikhail Sergachev,TBL,D,26,0.251970310496343
42,8474151,Ryan McDonagh,NSH,D,35,0.23895861234543597
43,8476885,Jacob Trouba,NYR,D,30,0.18233831852875296
44,8477934,Leon Draisaitl,EDM,C,29,0.1957373264082771
45,8475171,Oliver Ekman-Larsson,FLA,D,33,0.22493344040151186
46,8478882,Vladislav Gavrikov,LAK,D,29,0.21172152789745005
47,8476457,Adam Larsson,SEA,D,32,0.27362189077752147
48,8475906,John Klingberg,TOR,D,32,0.27239081158138867
49,8476906,Shayne Gostisbehere,DET,D,31,0.2067425613729468
50,8473507,Jeff Petry,DET,D,37,0.26656434895303893
51,8482671,Owen Power,BUF,D,22,0.31976337617449885
52,8478402,Connor McDavid,EDM,C,27,0.22088532192144997
53,8476902,Esa Lindell,DAL,D,30,0.2217401890878349
54,8479425,Filip Hronek,VAN,D,27,0.20204364400538455
55,8474574,Tyler Myers,VAN,D,34,0.2535145674053072
56,8480035,Henri Jokiharju,BUF,D,25,0.2055729537540407
57,8474141,Patrick Kane,DET,R,36,0.22977203176725577
58,8475208,Brian Dumoulin,SEA,D,33,0.2631876821789183
59,8478398,Kyle Connor,WPG,L,28,0.1710904860372392
60,8476473,Connor Murphy,CHI,D,31,0.24405523951349245
61,8477488,Brett Pesce,CAR,D,30,0.21607440716301574
62,8479398,Samuel Girard,COL,D,26,0.1979736420231999
63,8479369,Andrew Peeke,BOS,D,26,0.26889075721866607
64,8480865,Noah Dobson,NYI,D,24,0.24144445279435806
65,8477499,Rasmus Ristolainen,PHI,D,30,0.277532640227147
66,8474031,Kevin Shattenkirk,BOS,D,35,0.28308503373408844
67,8475181,Nick Leddy,STL,D,33,0.2377267878077194
68,8474673,TJ Brodie,TOR,D,34,0.23821361712797243
69,8478396,Noah Hanifin,VGK,D,27,0.20756743370121292
70,8476917,Adam Pelech,NYI,D,30,0.23159603282127347
71,8478055,Gustav Forsling,FLA,D,28,0.2239249788094822
72,8476462,Dougie Hamilton,NJD,D,31,0.2701243141838222
73,8474716,Jared Spurgeon,MIN,D,35,0.3151794959259926
74,8476869,Brady Skjei,CAR,D,30,0.18671823140744084
75,8480145,Neal Pionk,WPG,D,29,0.219305112955514
76,8477506,Ryan Pulock,NYI,D,30,0.2829544429817079
77,8476460,Mark Scheifele,WPG,C,31,0.1692967305987815
78,8476468,J.T. Miller,VAN,C,31,0.18248762703819787
79,8477492,Nathan MacKinnon,COL,C,29,0.270094092949729
80,8482245,Artem Zub,OTT,D,29,0.21433662037942786
81,8478420,Mikko Rantanen,COL,R,28,0.25993672742387863
82,8478911,Matt Roy,LAK,D,29,0.22184624894527918
83,8478851,Alexandre Carrier,NSH,D,28,0.21922645402192162
84,8475200,Dmitry Orlov,CAR,D,33,0.26290027338537797
85,8476879,Cody Ceci,EDM,D,31,0.2562663533018616
86,8478483,Mitch Marner,TOR,R,27,0.17830924322781116
87,8470966,Mark Giordano,TOR,D,41,0.2779611627143069
88,8479337,Alex DeBrincat,DET,R,27,0.15777621009118445
89,8475233,David Savard,MTL,D,34,0.2845975116584074
90,8471685,Anze Kopitar,LAK,C,37,0.2476574512873477
91,8477435,Ryan Graves,PIT,D,29,0.21578424286713357
92,8478407,Vince Dunn,SEA,D,28,0.20854880385102206
93,8478507,John Marino,NJD,D,27,0.21189868893370872
94,8479318,Auston Matthews,TOR,C,27,0.19005282342830407
95,8480817,K'Andre Miller,NYR,D,24,0.22907497989275571
96,8471214,Alex Ovechkin,WSH,L,39,0.3330913397121934
97,8479402,Jake Bean,CBJ,D,26,0.2610149509496112
98,8476792,Torey Krug,STL,D,33,0.23816158434793133
99,8478399,Jonas Siegenthaler,NJD,D,27,0.23819454191170655
100,8480018,Nick Suzuki,MTL,C,25,0.16997367815309358
101,8476432,Boone Jenner,CBJ,C,31,0.22645529351715352
102,8475690,Chris Tanev,DAL,D,35,0.2324658013269965
103,8475798,Mikael Granlund,SJS,C,32,0.2249653919373523
104,8481014,Alexander Romanov,NYI,D,24,0.2502659979868848
105,8476461,Sean Couturier,PHI,C,32,0.3261289900416319
106,8476931,Jake McCabe,TOR,D,31,0.22462036086736398
107,8477493,Aleksander Barkov,FLA,C,29,0.17345771655242584
108,8475744,Evgeny Kuznetsov,CAR,C,32,0.2102765336049709
109,8477220,Nate Schmidt,WPG,D,33,0.21290561758068682
110,8475718,Justin Holl,DET,D,32,0.2927466762937647
111,8479343,Clayton Keller,ARI,R,26,0.18049234015629395
112,8479998,Mikey Anderson,LAK,D,25,0.23269603625837498
113,8479324,Ryan Lindgren,NYR,D,26,0.20592667288988298
114,8477404,Jake Guentzel,CAR,C,30,0.1908510522685344
115,8477015,Connor Brown,EDM,R,30,0.32115649184465106
116,8480807,Mattias Samuelsson,BUF,D,24,0.25669242068922443
117,8476453,Nikita Kucherov,TBL,R,31,0.20463180824599686
118,8471675,Sidney Crosby,PIT,C,37,0.25866216802655556
119,8477496,Elias Lindholm,VAN,C,30,0.20496366733415708
120,8476881,Tomas Hertl,VGK,C,31,0.1952122459358818
121,8482142,Jamie Drysdale,PHI,D,22,0.35317361761689237
122,8477479,Tyler Bertuzzi,TOR,L,29,0.20168441823735755
123,8477950,Tony DeAngelo,CAR,D,29,0.3904065382178599
124,8480803,Evan Bouchard,EDM,D,25,0.2665671501609321
125,8476429,Scott Mayfield,NYI,D,32,0.27838777520409497
126,8480073,Erik Brannstrom,OTT,D,25,0.21655784401163244
127,8481606,Jordan Spence,LAK,D,23,0.3547699628026517
128,8478443,Brandon Carlo,BOS,D,28,0.21353330540632606
129,8475188,Brayden McNabb,VGK,D,33,0.23543023983504027
130,8477946,Dylan Larkin,DET,C,28,0.15246695957808187
131,8480796,Martin Fehervary,WSH,D,25,0.21481114381321392
132,8476459,Mika Zibanejad,NYR,C,31,0.17889748004953154
133,8480434,Sean Durzi,ARI,D,26,0.26457510606424234
134,8476441,Joel Edmundson,TOR,D,31,0.2521065095787275
135,8481559,Jack Hughes,NJD,C,23,0.21214533150290885
136,8474166,Alec Martinez,VGK,D,37,0.2769110468483758
137,8471218,Blake Wheeler,NYR,R,38,0.3291294124477274
138,8477500,Bo Horvat,NYI,C,29,0.15942796125011002
139,8475786,Zach Hyman,EDM,L,32,0.1826372385324782
140,8478010,Brayden Point,TBL,C,28,0.17099750147973358
141,8475169,Evander Kane,EDM,L,33,0.19932232747294684
142,8476456,Jonathan Huberdeau,CGY,C,31,0.18422703078781702
143,8478403,Jack Eichel,VGK,C,28,0.18507893175777523
144,8475324,Nick Jensen,WSH,D,34,0.22785821809365553
145,8480002,Nico Hischier,NJD,C,25,0.15854308089664726
146,8476467,Jamie Oleksiak,SEA,D,32,0.2098712265823194
147,8480001,Urho Vaakanainen,ANA,D,25,0.2565230645796496
148,8476454,Ryan Nugent-Hopkins,EDM,C,31,0.19187322777685498
149,8476905,Chandler Stephenson,VGK,C,30,0.15519956670534582
150,8473419,Brad Marchand,BOS,L,36,0.218470109879129
151,8475172,Nazem Kadri,CGY,C,34,0.2050001304400492
152,8478550,Artemi Panarin,NYR,L,33,0.19422261640789173
153,8477429,Andrew Copp,DET,C,30,0.2303318893773135
154,8478414,Timo Meier,NJD,R,28,0.16851391988216124
155,8478416,Erik Cernak,TBL,D,27,0.19120316980932475
156,8477034,Jaycob Megna,CHI,D,32,0.41348323995948894
157,8478864,Kirill Kaprizov,MIN,L,27,0.1778101169230964
158,8481546,Cam York,PHI,D,23,0.284126111256888
159,8475158,Ryan O'Reilly,NSH,C,33,0.1778589197091547
160,8473512,Claude Giroux,OTT,R,36,0.2309359780363925
161,8479371,Dante Fabbro,NSH,D,26,0.23344091626414853
162,8477501,Valeri Nichushkin,COL,R,29,0.17118926520594124
163,8475168,Matt Duchene,DAL,C,33,0.17445152520821453
164,8479458,Nikita Zaitsev,CHI,D,33,0.2596082988604234
165,8476525,Colin Miller,WPG,D,32,0.21908130979699628
166,8476312,Josh Manson,COL,D,33,0.25689684683231034
167,8475197,Tyson Barrie,NSH,D,33,0.29321350140951224
168,8476422,Mike Reilly,NYI,D,31,0.24999105005633454
169,8475177,Calvin de Haan,TBL,D,33,0.2881138072954928
170,8478427,Sebastian Aho,CAR,C,27,0.15865820788100599
171,8474053,Logan Couture,SJS,C,35,0.3258158544545105
172,8471274,Alex Goligoski,MIN,D,39,0.35402767116859274
173,8480208,Drake Batherson,OTT,R,26,0.14667196886649034
174,8479400,Pierre-Luc Dubois,LAK,L,26,0.24024634576932288
175,8474612,Travis Hamonic,OTT,D,34,0.24704751423161886
176,8475455,Brenden Dillon,WPG,D,34,0.2314827877644211
177,8479339,Patrik Laine,CBJ,L,26,0.31964277538530644
178,8481524,Bowen Byram,BUF,D,23,0.2472406847040402
179,8476875,Mike Matheson,MTL,D,30,0.251303014950118
180,8480801,Brady Tkachuk,OTT,L,25,0.14732579390654246
181,8480727,Zach Whitecloud,VGK,D,28,0.19967083831271873
182,8480023,Robert Thomas,STL,C,25,0.1856033158319109
183,8475810,Bryan Rust,PIT,R,32,0.18348163655976313
184,8475184,Chris Kreider,NYR,L,33,0.16309508760694413
185,8476891,Matthew Grzelcyk,BOS,D,30,0.21580997281648792
186,8482655,Janis Moser,ARI,D,24,0.22123146914358185
187,8473986,Alex Killorn,ANA,L,35,0.20884616723685756
188,8478136,Jake Middleton,MIN,D,28,0.20272000118520808
189,8479980,Nicolas Hague,VGK,D,26,0.2114359011753328
190,8477956,David Pastrnak,BOS,R,28,0.1824936191804469
191,8478444,Brock Boeser,VAN,R,27,0.16358955101528072
192,8480012,Elias Pettersson,VAN,C,26,0.16717705622444964
193,8475692,Mats Zuccarello,MIN,R,37,0.23404248040515135
194,8477960,Adrian Kempe,LAK,R,28,0.15148154381059437
195,8476880,Tom Wilson,WSH,R,30,0.19659135444038703
196,8480064,Josh Norris,OTT,C,25,0.2564715912028685
197,8478493,Joel Eriksson Ek,MIN,C,27,0.1908130298762389
198,8476346,Johnny Gaudreau,CBJ,L,31,0.18603639038704473
199,8480113,Alex Iafallo,WPG,L,31,0.20242522927725273
200,8476331,Dylan DeMelo,WPG,D,31,0.26369190387008506
201,8476826,Yanni Gourde,SEA,C,33,0.19046737107371473
202,8474564,Steven Stamkos,TBL,C,34,0.192296102092213
203,8470794,Joe Pavelski,DAL,C,40,0.29700713294277
204,8475768,Jaden Schwartz,SEA,C,32,0.23185088494931927
205,8482116,Tim Stützle,OTT,C,22,0.19066451781624716
206,8477949,Alex Tuch,BUF,R,28,0.16516839685354265
207,8480336,Sean Walker,COL,D,30,0.31755107741378485
208,8475913,Mark Stone,VGK,R,32,0.18777926909684986
209,8480196,Jacob Bryson,BUF,D,27,0.2824005211466581
210,8471215,Evgeni Malkin,PIT,C,38,0.26272125063508195
211,8476458,Ryan Strome,ANA,C,31,0.22994929519790874
212,8478519,Anthony Cirelli,TBL,C,27,0.19285148064367177
213,8477402,Pavel Buchnevich,STL,L,29,0.1690602451403205
214,8477851,Jordan Oesterle,CGY,D,32,0.28937643969212845
215,8476874,Olli Maatta,DET,D,30,0.25257326345596115
216,8476448,William Karlsson,VGK,C,31,0.1746822831619074
217,8477939,William Nylander,TOR,R,28,0.18498694658859915
218,8477951,Nick Schmaltz,ARI,C,28,0.17498744399603838
219,8474715,Cameron Atkinson,PHI,R,35,0.35395708707861107
220,8478873,Troy Terry,ANA,R,27,0.16655479483575697
221,8480058,Pierre-Olivier Joseph,PIT,D,25,0.25340458791562437
222,8475179,Dmitry Kulikov,FLA,D,34,0.25661197171789674
223,8477451,Ryan Hartman,MIN,R,30,0.18261282127617143
224,8478430,Oliver Kylington,CGY,D,27,0.31912767613759746
225,8482078,Lucas Raymond,DET,L,22,0.20929121468511536
226,8475790,Erik Gudbranson,CBJ,D,32,0.26564300215483394
227,8474618,Marco Scandella,STL,D,34,0.30463305286668113
228,8476479,Phillip Danault,LAK,C,31,0.17564285292795187
229,8480027,Jason Robertson,DAL,L,25,0.18087263839052134
230,8475762,Derek Forbort,BOS,D,32,0.2581089038457347
231,8476887,Filip Forsberg,NSH,L,30,0.1912555570728575
232,8475166,John Tavares,TOR,C,34,0.203994295661848
233,8477940,Nikolaj Ehlers,WPG,L,28,0.20879001200407848
234,8478449,Roope Hintz,DAL,C,28,0.1606658955947573
235,8481523,Kirby Dach,MTL,C,23,0.3683110326870647
236,8478445,Mathew Barzal,NYI,C,27,0.16647004941908577
237,8475462,Radko Gudas,ANA,D,34,0.23834881851415793
238,8476483,Rickard Rakell,PIT,R,31,0.20046560704512104
239,8474586,Jordan Eberle,SEA,R,34,0.20493085531418861
240,8477416,Oliver Bjorkstrand,SEA,R,29,0.1698801372261515
241,8475763,Kevin Hayes,STL,R,32,0.21733444009734176
242,8481533,Trevor Zegras,ANA,C,23,0.2631916943790191
243,8477986,Brandon Montour,FLA,D,30,0.21630620116292143
244,8479314,Matthew Tkachuk,FLA,L,27,0.17078272845271716
245,8479420,Tage Thompson,BUF,C,27,0.15152300866152246
246,8476389,Vincent Trocheck,NYR,C,31,0.1950201477439037
247,8477505,Alexander Wennberg,NYR,C,30,0.19805520531918425
248,8474679,Gustav Nyquist,NSH,C,35,0.2251598467917487
249,8475794,Tyler Seguin,DAL,C,32,0.15205489684071674
250,8475170,Brayden Schenn,STL,C,33,0.23662473119550853
251,8475191,Reilly Smith,PIT,R,33,0.1973879146559162
252,8477933,Sam Reinhart,FLA,C,29,0.18865111893660627
253,8476967,Brett Kulak,EDM,D,30,0.22944344502459782
254,8479982,Conor Timmins,TOR,D,26,0.3643693814937552
255,8476882,Teuvo Teravainen,CAR,C,30,0.17042970848798353
256,8475754,Brock Nelson,NYI,C,33,0.17859868066862775
257,8476419,Jean-Gabriel Pageau,NYI,C,32,0.22790382415502897
258,8478468,Jeremy Lauzon,NSH,D,27,0.22553025234906798
259,8470604,Jeff Carter,PIT,C,39,0.2851969581251387
260,8477369,Carson Soucy,VAN,D,30,0.22436811674240387
261,8477942,Kevin Fiala,LAK,L,28,0.16718668558704955
262,8478439,Travis Konecny,PHI,R,27,0.17661418798469694
263,8480797,Joel Farabee,PHI,L,24,0.1897758632858219
264,8483565,Nick Blankenburg,CBJ,D,26,0.3903169434384942
265,8476539,Jonathan Marchessault,VGK,R,34,0.18490491445506752
266,8473563,Nicklas Backstrom,WSH,C,37,0.3431820120017951
267,8477845,Trevor van Riemsdyk,WSH,D,33,0.20187977283237016
268,8480950,Ilya Lyubushkin,TOR,D,30,0.2600834191325101
269,8471698,T.J. Oshie,WSH,R,38,0.23910257407210142
270,8478440,Dylan Strome,WSH,C,27,0.15633981683904838
271,8478474,Lawson Crouse,ARI,L,27,0.19628051578732097
272,8479407,Jesper Bratt,NJD,L,26,0.18741067731209848
273,8471686,Marc Staal,PHI,D,37,0.3368883795357023
274,8474641,Adam Henrique,EDM,C,34,0.20700655352828132
275,8475745,Charlie Coyle,BOS,C,32,0.18077811650148043
276,8474157,Max Pacioretty,WSH,L,36,0.3290429791851901
277,8477989,Christian Dvorak,MTL,C,28,0.24427938989622236
278,8477952,Robby Fabbri,DET,C,28,0.23737245834705525
279,8473446,Erik Johnson,PHI,D,36,0.32509913769039245
280,8480830,Andrei Svechnikov,CAR,R,24,0.18254378093679413
281,8476981,Josh Anderson,MTL,R,30,0.2075141869085096
282,8474568,Luke Schenn,NSH,D,35,0.24718306210456967
283,8482222,Alexander Barabanov,SJS,L,30,0.2521824384012316
284,8482111,Justin Barron,MTL,D,23,0.2503970113552309
285,8474013,Ian Cole,VAN,D,35,0.25922808146744564
286,8474150,Mikael Backlund,CGY,C,35,0.24011451107102175
287,8475750,Jon Merrill,MIN,D,32,0.2645702043392688
288,8475784,Jeff Skinner,BUF,C,32,0.22337198130232003
289,8477494,Jonathan Drouin,COL,L,29,0.17710798281647866
290,8480871,Adam Boqvist,CBJ,D,24,0.2435139988613596
291,8474884,Mike Hoffman,SJS,C,35,0.237222745813241
292,8475164,Jakob Silfverberg,ANA,R,34,0.2234751432412542
293,8474102,David Perron,DET,L,36,0.2842523835270946
294,8478042,Viktor Arvidsson,LAK,L,31,0.24284584351038022
295,8478859,Niko Mikkola,FLA,D,28,0.22641558087799887
296,8480873,Rasmus Sandin,WSH,D,24,0.21711658245176774
297,8477935,Sam Bennett,FLA,C,28,0.15710690607597044
298,8482665,Matty Beniers,SEA,C,22,0.21752790503753847
299,8480459,Pius Suter,VAN,C,28,0.2219578793453867
300,8474602,Justin Schultz,SEA,D,34,0.23967320696885747
301,8475765,Vladimir Tarasenko,FLA,R,33,0.2158940185128957
302,8477507,Nikita Zadorov,VAN,D,29,0.21187949965152053
303,8479977,Kailer Yamamoto,SEA,R,26,0.24151390385055635
304,8478401,Pavel Zacha,BOS,C,27,0.1777237082281478
305,8478463,Anthony Beauvillier,NSH,L,27,0.22653589951538178
306,8473449,Kyle Okposo,FLA,R,36,0.2848118086052242
307,8481600,Tobias Bjornfot,FLA,D,23,0.5820965693731396
308,8471677,Jack Johnson,COL,D,37,0.47505123421841844
309,8473994,Jamie Benn,DAL,L,35,0.25832497797825243
310,8479348,Kale Clague,BUF,D,26,0.33204511321955826
311,8478452,Caleb Jones,COL,D,27,0.4581413407661324
312,8476624,Barclay Goodrow,NYR,C,31,0.24477108749709087
313,8474009,Nick Bonino,NYR,C,36,0.3001504661695856
314,8481540,Cole Caufield,MTL,R,23,0.19311368176309543
315,8479442,Troy Stecher,EDM,D,30,0.23889493891421312
316,8473533,Jordan Staal,CAR,C,36,0.2553207082293241
317,8475314,Anders Lee,NYI,L,34,0.24366976292840692
318,8481527,Kaedan Korczak,VGK,D,23,0.39095389230462385
319,8481521,Ronnie Attard,PHI,D,25,0.32470140054013963
320,8479385,Jordan Kyrou,STL,C,26,0.17869763858828572
321,8475793,Ryan Johansen,PHI,C,32,0.21946523253547165
322,8482110,Dawson Mercer,NJD,C,23,0.20168052452175206
323,8476329,Travis Boyd,ARI,C,31,0.3909046069444306
324,8477426,Nicholas Paul,TBL,L,29,0.16637983702236434
325,8481068,Yegor Sharangovich,CGY,C,26,0.1929493389532063
326,8476292,Ondrej Palat,NJD,L,33,0.1945061879719274
327,8480222,Sebastian Aho,NYI,D,28,0.2107543715832618
328,8477964,Ivan Barbashev,VGK,C,29,0.17303551686659288
329,8476872,Scott Laughton,PHI,C,30,0.23010878841786922
330,8475791,Taylor Hall,CHI,L,33,0.2851913985486479
331,8475220,Marcus Foligno,MIN,L,33,0.1808666799526756
332,8478856,Conor Garland,VAN,R,28,0.19955544730160577
333,8480043,Timothy Liljegren,TOR,D,25,0.2130512141709023
334,8480172,Jan Rutta,SJS,D,34,0.2598903127821814
335,8479542,Brandon Hagel,TBL,L,26,0.17675689554820637
336,8481178,Egor Zamula,PHI,D,24,0.33134398507938784
337,8479421,Jacob Moverare,LAK,D,26,0.5763043984239509
338,8476988,Matt Benning,SJS,D,30,0.2773072139032764
339,8477456,J.T. Compher,DET,L,29,0.20420129284224564
340,8481599,Victor Soderstrom,ARI,D,23,0.6408400820499697
341,8477919,Frederick Gaudreau,MIN,C,31,0.22990541519267216
342,8475726,Tyler Toffoli,WPG,C,32,0.18353120540318396
343,8477938,Haydn Fleury,TBL,D,28,0.34729115063853827
344,8480887,Jordan Harris,MTL,D,24,0.2385089282955018
345,8476438,Brandon Saad,STL,L,32,0.18622246877349297
346,8477444,Andre Burakovsky,SEA,L,29,0.2168882360974548
347,8478462,Nicolas Roy,VGK,C,27,0.1876123167453563
348,8479344,Jesse Puljujarvi,PIT,R,26,0.4126726600968284
349,8476979,Erik Gustafsson,NYR,D,32,0.22611295703247278
350,8475825,Jani Hakanpää,DAL,D,32,0.2233403259875193
351,8480039,Martin Necas,CAR,C,25,0.1925555370197208
352,8476925,Colton Sissons,NSH,C,31,0.1932120995788347
353,8477955,Jared McCann,SEA,L,28,0.17077772048615786
354,8475149,Marcus Johansson,MIN,L,34,0.2309125444920817
355,8482175,JJ Peterka,BUF,R,22,0.25360981073646904
356,8474189,Lars Eller,PIT,C,35,0.36130993341531964
357,8479999,Casey Mittelstadt,COL,C,26,0.1956139680575943
358,8480849,Barrett Hayton,ARI,C,24,0.2522715049827415
359,8480184,Gustav Lindstrom,ANA,D,26,0.282797367786128
360,8474037,James van Riemsdyk,BOS,L,35,0.2431447015108628
361,8478451,Ethan Bear,WSH,D,27,0.28220105159289255
362,8477365,Connor Clifton,BUF,D,29,0.19716682214823622
363,8476871,Tanner Pearson,MTL,L,32,0.2392833924612249
364,8477409,Carter Verhaeghe,FLA,C,29,0.17543683737676852
365,8475714,Calle Jarnkrok,TOR,C,33,0.19402440154439085
366,8477462,Robert Hagg,ANA,D,29,0.42026280764274626
367,8479661,Tanner Jeannot,TBL,L,27,0.22748599096915956
368,8480835,Jack Drury,CAR,C,24,0.2619874634852465
369,8475780,Chris Wagner,COL,R,33,0.6194925023779974
370,8481528,Dylan Cozens,BUF,C,23,0.17523426853501128
371,8476374,Sean Kuraly,CBJ,C,31,0.20935230473259545
372,8481609,Vladislav Kolyachonok,ARI,D,23,0.4488522225021136
373,8478542,Evan Rodrigues,FLA,C,31,0.209271404274848
374,8474149,Evgenii Dadonov,DAL,R,35,0.25430436826645075
375,8476889,Radek Faksa,DAL,C,30,0.20494707431157083
376,8480860,Kevin Bahl,NJD,D,24,0.33476700253461716
377,8482113,Anton Lundell,FLA,C,23,0.19872164297677475
378,8478233,Andrew Mangiapane,CGY,L,28,0.17548009923563274
379,8479976,Juuso Valimaki,ARI,D,26,0.2192207052226089
380,8479675,Trevor Moore,LAK,L,29,0.16912669405802155
381,8477969,Marcus Pettersson,PIT,D,28,0.2751033377934397
382,8479378,Logan Stanley,WPG,D,26,0.36313914106335043
383,8475151,Kyle Palmieri,NYI,C,33,0.1743854614720887
384,8478133,Jake Evans,MTL,C,28,0.19079497372286322
385,8482133,Thomas Bordeleau,SJS,C,22,0.301897483082618
386,8482079,Marco Rossi,MIN,C,23,0.2690928291666919
387,8478047,Michael Bunting,PIT,L,29,0.20849415771369026
388,8476884,Derrick Pouliot,DAL,D,30,0.45480490348244623
389,8480844,Grigori Denisenko,VGK,L,24,0.6224914302248227
390,8480806,Isac Lundestrom,ANA,C,25,0.19011974251018657
391,8476392,Adam Lowry,WPG,C,31,0.2116028951912582
392,8482073,Braden Schneider,NYR,D,23,0.2759863919508219
393,8477018,Ben Hutton,VGK,D,31,0.24800176569928892
394,8481059,Scott Perunovich,STL,D,26,0.30981107836649396
395,8481553,Bobby Brink,PHI,R,23,0.28417178382985847
396,8481554,Kaapo Kakko,NYR,R,23,0.23126873155564595
397,8481557,Matt Boldy,MIN,L,23,0.1945474371139717
398,8478109,Victor Olofsson,BUF,L,29,0.23408781042213772
399,8474567,Zach Bogosian,MIN,D,34,0.27336817233351085
400,8478400,Colin White,MTL,C,27,0.4616439522517697
401,8478408,Travis Dermott,ARI,D,28,0.2882054468863548
402,8477244,Chad Ruhwedel,NYR,D,34,0.311858234725531
403,8477839,Conor Sheary,TBL,L,32,0.24797055431108495
404,8470610,Zach Parise,COL,L,40,0.41586992392986416
405,8478840,Will Borgen,SEA,D,28,0.25847763401610296
406,8477947,Sonny Milano,WSH,L,28,0.21545448851750285
407,8480144,David Kampf,TOR,C,29,0.2439903627874285
408,8481624,Ilya Mikheyev,VAN,R,30,0.2024591527404468
409,8476960,Andreas Athanasiou,CHI,C,30,0.262580400031153
410,8471709,Marc-Edouard Vlasic,SJS,D,37,0.3038820953002625
411,8477021,Alex Kerfoot,ARI,C,30,0.19878716308494512
412,8481708,Zac Jones,NYR,D,24,0.3189923458946464
413,8477511,Anthony Mantha,VGK,R,30,0.20244693074554604
414,8477476,Artturi Lehkonen,COL,L,29,0.21444679827773439
415,8475287,Erik Haula,NJD,L,33,0.171812543337373
416,8481537,Nikita Okhotiuk,CGY,D,24,0.33469015647295147
417,8478498,Jake DeBrusk,BOS,L,28,0.16137256580306014
418,8475848,Brendan Gallagher,MTL,R,32,0.21900027163218028
419,8476927,Teddy Blueger,VAN,C,30,0.20981863073988186
420,8477407,Anthony Duclair,TBL,L,29,0.23897058324662723
421,8476934,Brock McGinn,ANA,L,30,0.24827182869723788
422,8479514,Rem Pitlick,CHI,C,27,0.416276708658428
423,8479393,Noah Gregor,TOR,L,26,0.20122407829618413
424,8477944,Jakub Vrana,STL,L,28,0.30318933624132766
425,8478891,Mason Appleton,WPG,C,28,0.17721996173438753
426,8479026,Philippe Myers,TBL,D,27,0.5280814669696161
427,8482097,Jack Quinn,BUF,R,23,0.3382819603146666
428,8480049,Dylan Samberg,WPG,D,25,0.2568304245521157
429,8475799,Nino Niederreiter,WPG,R,32,0.2042352511444881
430,8475193,Tomas Tatar,SEA,L,34,0.24498506367014308
431,8476399,Blake Coleman,CGY,C,33,0.19670416625194093
432,8475722,Jason Zucker,NSH,L,32,0.22982083670444486
433,8475855,Jesper Fast,CAR,R,33,0.26236129438640365
434,8476878,Zemgus Girgensons,BUF,C,30,0.23742274376230918
435,8478970,Jalen Chatfield,CAR,D,28,0.2983798329843509
436,8480879,Jacob Bernard-Docker,OTT,D,24,0.25320902578758475
437,8477425,Miles Wood,COL,L,29,0.27216307351742275
438,8478454,Noah Juulsen,VAN,D,27,0.25609002271680714
439,8478508,Yakov Trenin,COL,C,27,0.16983520754238046
440,8476480,Vladislav Namestnikov,WPG,C,32,0.17668232766337258
441,8479376,Victor Mete,PHI,D,26,0.49423190933774386
442,8480074,Alexandre Texier,CBJ,C,25,0.2714661255793307
443,8481522,Peyton Krebs,BUF,C,23,0.23078260976371076
444,8479293,Brandon Tanev,SEA,L,33,0.2040489165756771
445,8479985,Cale Fleury,SEA,D,26,0.7481973023430836
446,8478413,Jordan Greenway,BUF,L,27,0.1900338646209798
447,8477953,Kasperi Kapanen,STL,R,28,0.19130470500507968
448,8477330,Dominik Kubalik,OTT,L,29,0.23424036427809028
449,8479992,Michael Rasmussen,DET,C,25,0.17797568398007013
450,8476918,Jimmy Vesey,NYR,L,31,0.2001504638022252
451,8475225,Craig Smith,DAL,C,35,0.2868393865760527
452,8476442,Matt Nieto,PIT,L,32,0.24965878977305225
453,8477406,Mattias Janmark,EDM,C,32,0.2545445901738902
454,8482667,William Eklund,SJS,L,22,0.29832043433747146
455,8480157,Calle Rosen,STL,D,30,0.31309807917093496
456,8476474,Stefan Noesen,CAR,R,31,0.3211893513612801
457,8481568,Alex Vlasic,CHI,D,23,0.305542759051343
458,8477482,Zachary Sanford,NSH,L,30,0.29010468905671777
459,8478458,John (Jack) Roslovic,NYR,C,27,0.1726619059612709
460,8475343,Nic Dowd,WSH,C,34,0.22006267554000292
461,8477384,Joshua Brown,ARI,D,30,0.2567153364178854
462,8479639,Dylan Coghlan,CAR,D,26,0.5053486583870171
463,8478472,Mathieu Joseph,OTT,R,27,0.20616442806584578
464,8481711,Matias Maccelli,ARI,L,24,0.19227837321103147
465,8480306,Grant Hutton,NYI,D,29,0.5946388315029303
466,8478495,Denis Gurianov,PHI,R,27,0.2860112736667068
467,8480821,Filip Zadina,SJS,R,25,0.19969779585934536
468,8480855,Jack McBain,ARI,C,24,0.2578568603139177
469,8482149,Cole Perfetti,WPG,C,22,0.23383908503180043
470,8480031,Maxime Comtois,CAR,L,25,0.30068545314339
471,8481655,Cole Schwindt,CGY,R,23,0.8026683238504301
472,8478975,Mason Marchment,DAL,L,29,0.20527323648902687
473,8476822,Luke Glendening,TBL,C,35,0.2692740785417811
474,8481122,Simon Benoit,TOR,D,26,0.6130640981599383
475,8477497,Sean Monahan,WPG,C,30,0.31902962683190417
476,8479372,Joshua Mahura,FLA,D,26,0.37908354610766226
477,8473504,Cal Clutterbuck,NYI,R,37,0.3009699388679
478,8478013,Jake Walman,DET,D,28,0.2484860606218145
479,8477353,Tyler Motte,TBL,C,29,0.21028130563150832
480,8476897,Oskar Sundqvist,STL,C,30,0.19668497019693662
481,8482109,Alexis Lafrenière,NYR,L,23,0.1782715600633722
482,8480878,Nils Lundkvist,DAL,D,24,0.24905848362444705
483,8480028,Morgan Frost,PHI,C,25,0.20200940467053333
484,8474090,Brendan Smith,NJD,D,35,0.30977600779754605
485,8477541,Dakota Mermis,MIN,D,30,0.37978022450495
486,8480762,Eric Robinson,BUF,L,29,0.2234693450843208
487,8482093,Seth Jarvis,CAR,C,22,0.21234900706074986
488,8476994,Vinnie Hinostroza,PIT,C,30,0.33064439300373133
489,8481186,Logan O'Connor,COL,R,28,0.20368691073877593
490,8479291,Kevin Rooney,CGY,C,31,0.2953314093024403
491,8479316,Luke Kunin,SJS,C,27,0.2166575332146168
492,8478067,Oskar Lindblom,SJS,L,28,0.4150680449127514
493,8477987,Ryan Donato,CHI,C,28,0.21230245029408354
494,8479994,Jaret Anderson-Dolan,NSH,C,25,0.3353518309475681
495,8480884,Calen Addison,SJS,D,24,0.2341462738089944
496,8477930,Pierre-Edouard Bellemare,SEA,L,39,0.3532431280077339
497,8475231,Casey Cizikas,NYI,C,33,0.21165557834859064
498,8474145,Robert Bortuzzo,NYI,D,35,0.49579713852632035
499,8476469,Joel Armia,MTL,R,31,0.20208694639713978
500,8481239,Samuel Fagemo,LAK,L,24,0.5325629602005619
501,8482705,Cole Sillinger,CBJ,C,21,0.24087490349766796
502,8481581,Thomas Harley,DAL,D,23,0.34455821435552764
503,8476873,Mark Jankowski,NSH,C,30,0.27219823046814895
504,8474040,Sam Gagner,EDM,C,35,0.36956876997430027
505,8476915,Jujhar Khaira,MIN,L,30,0.44814246455508155
506,8482067,Connor Mackey,NYR,D,28,0.45541784971842586
507,8478043,Sam Lafferty,VAN,C,29,0.27960141403308436
508,8481618,Alex Newhook,MTL,C,23,0.20826859557271596
509,8480014,Gabriel Vilardi,WPG,C,25,0.1889017171943438
510,8470621,Corey Perry,EDM,R,39,0.30463679209333316
511,8482061,Brandon Biro,BUF,L,26,0.40942568974235666
512,8481598,Philip Broberg,EDM,D,23,0.37134803783756803
513,8478104,Sammy Blais,STL,L,28,0.30768544592674146
514,8480185,Eetu Luostarinen,FLA,C,26,0.22301155383423008
515,8480009,Eeli Tolvanen,SEA,R,25,0.2060700172354434
516,8480015,Owen Tippett,PHI,R,25,0.18986819028978635
517,8477903,Garnet Hathaway,PHI,R,33,0.32602568622638606
518,8477454,Adam Erne,EDM,L,29,0.37200091588388295
519,8480188,Fabian Zetterlund,SJS,L,25,0.2310764313696104
520,8477931,Tomas Nosek,NJD,L,32,0.23020832397027663
521,8479415,Michael McLeod,NJD,C,26,0.2434991707337028
522,8478099,Kevin Labanc,SJS,R,29,0.22801967750867727
523,8478115,Pierre Engvall,NYI,L,28,0.19222018387602946
524,8478017,Mark Friedman,VAN,D,29,0.4492832890232197
525,8480220,Noah Cates,PHI,L,25,0.28989978795300375
526,8480813,Joe Veleno,DET,C,24,0.20899894854376147
527,8482117,Lukas Reichel,CHI,L,22,0.2622341309456287
528,8480078,Filip Chytil,NYR,C,25,0.28208320149226057
529,8478366,Frank Vatrano,ANA,R,30,0.20747919737477843
530,8480003,Jesper Boqvist,BOS,C,26,0.22983294664547832
531,8479984,Cal Foote,NJD,D,26,0.31578893157863136
532,8478432,Christian Fischer,DET,R,27,0.24526628085314717
533,8481535,Nils Hoglander,VAN,L,24,0.24862182682212403
534,8481093,Rafael Harvey-Pinard,MTL,L,25,0.2666640329847266
535,8482745,Mason McTavish,ANA,C,21,0.24622794264788497
536,8476372,Nick Seeler,PHI,D,31,0.2621784845107768
537,8477450,Jason Dickinson,CHI,C,29,0.17268589867424602
538,8479944,Zach Aston-Reese,DET,C,30,0.4563610828728776
539,8477503,Max Domi,TOR,C,29,0.26537356399454515
540,8478466,Daniel Sprong,DET,R,27,0.2704376758372002
541,8479419,Brett Murray,BUF,L,26,0.5908963073735517
542,8474870,Tyler Johnson,CHI,C,34,0.21865758779296393
543,8481596,Shane Pinto,OTT,C,24,0.2242805963106189
544,8480990,Declan Chisholm,MIN,D,24,0.4513438429424827
545,8477335,Kyle Burroughs,SJS,D,29,0.3170330029414234
546,8480798,Philipp Kurashev,CHI,C,25,0.1889517724229152
547,8475797,Jarred Tinordi,CHI,D,32,0.27263641645031594
548,8479346,Dillon Dube,CGY,C,26,0.25786188988885855
549,8473453,Trevor Lewis,LAK,C,37,0.2896873594809021
550,8479370,Tyson Jost,BUF,C,26,0.24201497201015296
551,8479525,Ross Colton,COL,C,28,0.2399160520534824
552,8481617,Vasily Podkolzin,VAN,R,23,0.3342137881061527
553,8480802,Ryan McLeod,EDM,C,25,0.18620112657429072
554,8478046,Danton Heinen,BOS,L,29,0.22154605393303894
555,8478146,Matthew Highmore,OTT,C,28,0.45831656873716337
556,8471699,Andrew Cogliano,COL,C,37,0.28844505518940555
557,8478434,Keegan Kolesar,VGK,R,27,0.25441226037158654
558,8481560,Arthur Kaliyev,LAK,R,23,0.3003290122764446
559,8481701,Santeri Hatakka,NJD,D,23,0.3607599414513535
560,8477998,Warren Foegele,EDM,L,28,0.22921937856388108
561,8479987,Morgan Geekie,BOS,C,26,0.23607397044072853
562,8480021,Jack Studnicka,SJS,C,25,0.45176715992041017
563,8477846,Ryan Carpenter,SJS,C,33,0.2746091550448035
564,8478021,William Lagesson,ANA,D,28,0.3340788547717602
565,8479941,Justin Danforth,CBJ,R,31,0.23708484406619681
566,8479320,Maxime Lajoie,TOR,D,27,0.5766648364301505
567,8479968,Vinni Lettieri,MIN,C,29,0.3973225148646187
568,8482475,Yegor Chinakhov,CBJ,R,23,0.20413379423585598
569,8476393,Nick Cousins,FLA,C,31,0.2148796636170511
570,8473422,Nick Foligno,CHI,L,37,0.35370289470992444
571,8482660,Kent Johnson,CBJ,C,22,0.27094737510068434
572,8477887,Patrick Brown,BOS,C,32,0.3419949357574368
573,8476919,Chris Tierney,NJD,C,30,0.32896297459291185
574,8474034,Patrick Maroon,BOS,L,36,0.285964911688052
575,8482192,Isaak Phillips,CHI,D,23,0.40653616267458664
576,8479390,Taylor Raddysh,CHI,R,26,0.22367895276496036
577,8479619,Michael Carcone,ARI,L,28,0.22390203697365565
578,8479351,Sam Steel,DAL,C,26,0.20446844787060797
579,8479321,Lucas Johansen,WSH,D,27,0.42337229308947205
580,8478211,Dryden Hunt,CGY,L,29,0.4057369605879179
581,8482125,Alexander Holtz,NJD,R,22,0.3211510193048322
582,8473473,Milan Lucic,BOS,L,36,0.38199543685902837
583,8480068,Ryan Poehling,PHI,C,25,0.23640771466786367
584,8481481,Blake Lizotte,LAK,C,27,0.2649309557761503
585,8478020,Michael Amadio,VGK,R,28,0.23126155149477945
586,8482124,Quinton Byfield,LAK,R,22,0.21158626562143212
587,8480789,Oliver Wahlstrom,NYI,R,24,0.309219504558471
588,8480829,Jesperi Kotkaniemi,CAR,C,24,0.31333876072004035
589,8477508,Curtis Lazar,NJD,C,29,0.26128083981793193
590,8475766,Austin Watson,TBL,L,32,0.5287885840731213
591,8478569,Noel Acciari,PIT,C,33,0.2664327884909343
592,8477810,Joel Hanley,CGY,D,33,0.3225041714221411
593,8476278,Colin Blackwell,CHI,C,31,0.2338201828835782
594,8480070,Ian Mitchell,BOS,D,25,0.31714918561138983
595,8479414,Nathan Bastian,NJD,R,27,0.28896709618447386
596,8481477,Nico Sturm,SJS,C,29,0.2672791815766175
597,8480853,Liam Foudy,NSH,C,24,0.3775249726593324
598,8481656,Aliaksei Protas,WSH,C,23,0.25801021119386597
599,8479986,Kole Lind,SEA,R,26,0.6103860122638741
600,8480845,Rasmus Kupari,WPG,C,24,0.4978882128234071
601,8478438,Tommy Novak,NSH,C,27,0.23750225496484603
602,8478051,Max Willman,NJD,C,29,0.4180732965442201
603,8479365,Trent Frederic,BOS,C,26,0.245241209570309
604,8477478,William Carrier,VGK,L,30,0.23417280654810746
605,8481058,Jesse Ylonen,MTL,R,25,0.30041442686585756
606,8481441,Joe Snively,WSH,C,28,0.5025806550885107
607,8477573,Nathan Walker,STL,L,30,0.28708984277751143
608,8481577,Philip Tomasino,NSH,C,23,0.2515175279528073
609,8475842,Sam Carrick,EDM,C,32,0.2378775449647833
610,8474709,Matt Martin,NYI,L,35,0.36702194010024264
611,8478585,Derek Ryan,EDM,C,38,0.30727113891800106
612,8474062,Riley Nash,NYR,C,35,0.5594854532411867
613,8479996,Cody Glass,NSH,C,25,0.2655043363313286
614,8479066,Ryan Lomberg,FLA,L,30,0.31795202098921477
615,8475235,Nicolas Deslauriers,PHI,L,33,0.32547501731743006
616,8479367,William Lockwood,FLA,R,26,0.7628839856160251
617,8478874,Adam Gaudette,STL,R,28,0.5358683196815304
618,8479991,Jake Leschyshyn,NYR,C,25,0.524959011221778
619,8481077,John Leonard,ARI,L,26,0.4436406274037667
620,8481532,Alex Turcotte,LAK,C,23,0.5894855294652608
621,8476921,Jordan Martinook,CAR,L,32,0.24102626483096318
622,8479536,Axel Jonsson-Fjallby,WPG,L,26,0.36216960214211946
623,8478477,Mitchell Stephens,MTL,C,27,0.4026859234170418
624,8480226,Marián Studenic,SEA,R,26,0.5356339199939788
625,8479546,Oskar Steen,BOS,C,26,0.506349670815543
626,8480216,Jacob Peterson,SJS,C,25,0.5188511708134194
627,8479718,Alex Barré-Boulet,TBL,C,27,0.3725391813477101
628,8480870,Bo Groulx,ANA,C,24,0.48384845225550377
629,8475752,Tyler Pitlick,NYR,C,33,0.307448010200489
630,8478512,Austin Czarnik,DET,C,32,0.43763974985634274
631,8479336,Carl Grundstrom,LAK,R,27,0.2403541863356744
632,8478904,Steven Lorentz,FLA,C,28,0.3136032499555678
633,8477380,Jonny Brodzinski,NYR,C,31,0.29275491115176727
634,8477401,John Hayden,SEA,C,29,0.493460104813833
635,8480192,Johnathan Kovacevic,MTL,D,27,0.28058876565448043
636,8477962,Brendan Lemieux,CAR,L,28,0.35004851916726487
637,8477320,Anton Blidh,NYR,L,29,0.5000546078641451
638,8480281,Alexey Toropchenko,STL,R,25,0.27820628026539507
639,8480890,Jan Jenik,ARI,C,24,0.4825881686572333
640,8478178,Darren Raddysh,TBL,D,28,0.3435771239199895
641,8479353,Brett Howden,VGK,C,26,0.2365385101626081
642,8471817,Ryan Reaves,TOR,R,37,0.3332885036045256
643,8481147,Reese Johnson,CHI,C,26,0.23247431811927874
644,8480848,Ty Dellandrea,DAL,C,24,0.2905451712394923
645,8480823,Alexander Alexeyev,WSH,D,25,0.3620084977134236
646,8480448,Parker Kelly,OTT,L,25,0.30167678948381366
647,8480205,Emil Bemstrom,PIT,C,25,0.26303148996940023
648,8483397,Marc McLaughlin,BOS,C,25,0.4001312432432597
649,8481580,Connor McMichael,WSH,C,23,0.37221137409216415
650,8481550,Adam Beckman,MIN,L,23,0.4140017708311024
651,8477446,Michael McCarron,NSH,R,29,0.2643660166988343
652,8481518,Nolan Foote,NJD,L,24,0.5052658185802422
653,8482241,Radim Zohorna,PIT,L,28,0.35878650258770056
654,8479328,Julien Gauthier,NYI,R,27,0.3449172588949171
655,8477126,Jayson Megna,BOS,C,34,0.3984052111284729
656,8477464,Nic Petan,MIN,C,29,0.31128055298281004
657,8482055,Drew O'Connor,PIT,L,26,0.28193897136025303
658,8481582,Nicholas Robertson,TOR,L,23,0.3010124268313774
659,8477527,Ross Johnston,ANA,L,30,0.38387805205681164
660,8475760,Nick Bjugstad,ARI,C,32,0.20388353119628647
661,8480025,MacKenzie Entwistle,CHI,R,25,0.23401178537327558
662,8481703,Valtteri Puustinen,PIT,R,25,0.3675753291967436
663,8480008,Adam Ruzicka,ARI,C,25,0.30821580496184
664,8479520,Brandon Duhaime,COL,R,27,0.2521794922576239
665,8479249,Andrew Poturalski,SEA,C,30,0.6473294379229179
666,8479671,Mathieu Olivier,CBJ,R,27,0.2595091603648114
667,8479439,Jacob MacDonald,SJS,D,31,0.40650519044574485
668,8480007,Jonas Rondbjerg,VGK,R,25,0.3137886546842633
669,8483570,Ben Meyers,ANA,C,26,0.33137361492798056
670,8479383,Boris Katchouk,OTT,L,26,0.25662139224396296
671,8479368,Max Jones,ANA,L,26,0.2483527288892419
672,8480980,Connor Dewar,TOR,C,25,0.2655417341135286
673,8475958,Michael Sgarbossa,WSH,C,32,0.41872089789206296
674,8477392,Hudson Fasching,NYI,R,29,0.2649257191697121
675,8477979,Nicolas Aube-Kubel,WSH,R,28,0.24389152881632226
676,8480289,Morgan Barron,WPG,C,26,0.28816183003505774
677,8482624,Daniil Miromanov,CGY,D,27,0.36504499781308847
678,8481161,Jake Christiansen,CBJ,D,25,0.3323544192773564
679,8481167,Brayden Pachal,CGY,D,25,0.27587695741300633
680,8479772,Zack MacEwen,OTT,R,28,0.3892696825837785
681,8482148,Hendrix Lapierre,WSH,C,22,0.3108602044373532
682,8475413,Justin Dowling,NJD,C,34,0.4397391049294272
683,8476913,Devin Shore,SEA,C,30,0.3562146286226445
684,8481641,Joel Kiviranta,COL,L,28,0.2966271313905695
685,8477070,Liam O'Brien,ARI,C,30,0.29954464659034324
686,8478424,Jansen Harkins,PIT,C,27,0.32883485521755373
687,8482089,Jake Neighbours,STL,L,22,0.26394430575102057
688,8478446,Glenn Gawdin,ANA,C,27,0.6538039189970969
689,8480776,Sheldon Rempal,VGK,R,29,0.5304083342039372
690,8480355,Mark Kastelic,OTT,C,25,0.3362707522154986
691,8477473,Justin Bailey,SJS,R,29,0.36549713036829223
692,8479359,Beck Malenstyn,WSH,L,26,0.3087031250124871
693,8480011,Klim Kostin,SJS,C,25,0.30561119514281615
694,8479972,Mason Shaw,MIN,C,26,0.40723105555162264
695,8481517,Brett Leason,ANA,R,25,0.2822618604557267
696,8482062,Cole Smith,NSH,L,29,0.3056434092265185
697,8481032,Paul Cotter,VGK,C,25,0.2760443252114677
698,8482652,Walker Duehr,CGY,R,27,0.4397399449454989
699,8479315,Joey Anderson,CHI,R,26,0.325239541555824
700,8479981,Jonah Gadjovich,FLA,L,26,0.4829824797594476
701,8480748,Kiefer Sherwood,NSH,L,29,0.25875806171846466
702,8478057,Dakota Joshua,VAN,C,28,0.2526869329525231
703,8479379,Givani Smith,SJS,R,26,0.41238107051435857
704,8476952,Dominic Toninato,WPG,C,30,0.4471626447779004
705,8480292,Carson Meyer,CBJ,R,27,0.3910431960496013
706,8479587,Rhett Gardner,PHI,C,28,0.7637175196334317
707,8476323,Max McCormick,SEA,L,32,0.7010680025739258
708,8476867,Brendan Gaunce,CBJ,C,30,0.3486173393068306
709,8482197,Adam Raska,MIN,R,23,0.7389999163243247
710,8482634,Alex Steeves,TOR,C,25,0.5883266797064914
711,8476907,Mackenzie MacEachern,STL,L,30,0.5097972926178411
712,8478421,A.J. Greer,CGY,L,28,0.3452970644340362
713,8479543,Michael Pezzetta,MTL,L,26,0.3564098338207125
714,8477149,Scott Sabourin,SJS,R,32,0.6793164947791162
715,8478831,Kevin Stenlund,FLA,C,28,0.31971060129835804
716,8482070,Mitchell Chaffee,TBL,R,26,0.5359590092776286
717,8477073,Kurtis MacDermid,NJD,L,30,0.4189100556010394
718,8479362,Riley Tufte,COL,L,26,0.4810305177842314
719,8478881,Brett Seney,CHI,L,28,0.5797888431846676
720,8481604,Pavel Dorofeyev,VGK,L,24,0.2732106302803053
721,8480441,Trey Fix-Wolansky,CBJ,R,25,0.3875249026685007
722,8479591,Michael Eyssimont,TBL,C,28,0.3878366106313327
723,8478147,Bokondji Imama,OTT,L,28,0.5699569260398559
724,8481019,David Gustafsson,WPG,C,24,0.47735593841644736
725,8482105,Jake Sanderson,OTT,D,22,0.2418929725105411
726,8482087,Kaiden Guhle,MTL,D,22,0.24646692994349728
727,8482122,Brock Faber,MIN,D,22,0.38167232133394613
728,8481567,Henry Thrun,SJS,D,23,0.2822131279902907
729,8482176,Wyatt Kaiser,CHI,D,22,0.3259468273598939
730,8481605,Jackson LaCombe,ANA,D,23,0.3042181528862043
731,8483460,David Jiricek,CBJ,D,21,0.3182757225795445
732,8481056,Spencer Stastney,NSH,D,24,0.3036528589526053
733,8484254,Akito Hirose,VAN,D,25,0.5425089486418032
734,8480891,Michael Kesselring,ARI,D,24,0.2542231981793422
735,8482762,Simon Edvinsson,DET,D,21,0.3885935395941046
736,8480874,Adam Ginning,PHI,D,24,0.3770611522722937
737,8482146,Luke Evangelista,NSH,R,22,0.22888523354415924
738,8482159,Tyson Foerster,PHI,R,22,0.21818140145068826
739,8483808,Andrei Kuzmenko,CGY,L,28,0.22020006886258744
740,8482684,Luke Hughes,NJD,D,21,0.32819337750125926
741,8483619,Filip Roos,CHI,D,25,0.4912373576753268
742,8480893,Kirill Marchenko,CBJ,R,24,0.1890760889988433
743,8481812,Nikolai Knyzhov,SJS,D,27,0.3488819096575638
744,8482101,Danil Gushchin,SJS,L,22,0.31465439452364213
745,8482740,Wyatt Johnston,DAL,C,21,0.1924979647031797
746,8480246,Nick Perbix,TBL,D,26,0.23903968435497663
747,8482964,Arber Xhekaj,MTL,D,23,0.2721821705388992
748,8482516,Matthew Kessel,STL,D,24,0.3106009488706805
749,8482095,Tyler Kleven,OTT,D,22,0.3911740577991054
750,8481006,Tyler Tucker,STL,D,24,0.33774706153456713
751,8482679,Matt Coronato,CGY,R,22,0.34397401636014696
752,8476858,Phillip Di Giuseppe,VAN,L,31,0.2390267407809303
753,8480252,Cole Guttman,CHI,C,25,0.2606640920457421
754,8481541,Samuel Bolduc,NYI,D,24,0.2818428682498455
755,8482861,Vincent Iorio,WSH,D,22,0.7413722852957447
756,8481704,Juuso Parssinen,NSH,C,23,0.22767694174648048
757,8484287,Cole McWard,VAN,D,23,0.6275603865032007
758,8481592,Jakob Pelletier,CGY,L,23,0.42848407017927964
759,8482730,Brandt Clarke,LAK,D,21,0.39235581795573915
760,8479576,Vincent Desharnais,EDM,D,28,0.28546132128025975
761,8482451,Mikael Pyyhtia,CBJ,L,23,0.30338266910406475
762,8481013,Jonatan Berggren,DET,R,24,0.3133725101237003
763,8478450,Parker Wotherspoon,BOS,D,27,0.28651665797753306
764,8481754,Nikita Nesterenko,ANA,C,23,0.2908154956076667
765,8482699,Dylan Guenther,ARI,R,21,0.23423672729888756
766,8482720,Matthew Knies,TOR,L,22,0.22718181819757294
767,8477467,Gustav Olofsson,SEA,D,30,0.4952865436722681
768,8482092,Ridly Greig,OTT,C,22,0.20749035215282988
769,8482496,Nils Aman,VAN,C,24,0.2650883262918289
770,8479423,Alex Nylander,CBJ,L,26,0.27217681629342166
771,8483515,Juraj Slafkovsky,MTL,L,20,0.24290281607264297
772,8477971,Andreas Englund,LAK,D,28,0.33513222136236465
773,8478502,Dennis Gilbert,CGY,D,28,0.33521221704961773
774,8475795,Dylan McIlrath,WSH,D,32,0.44668558858072865
775,8481422,Jake Lucchini,MIN,C,29,0.2968595795818604
776,8481690,Tyler Angle,CBJ,C,24,0.5314592616244562
777,8481751,Lukas Rousek,BUF,R,25,0.35257553655635504
778,8480084,Nick DeSimone,NJD,D,30,0.37012175470655745
779,8481601,Simon Holmstrom,NYI,R,23,0.21405632029931893
780,8483549,Lucas Condotta,MTL,L,27,0.6194131933996402
781,8481585,Egor Afanasyev,NSH,L,23,0.5797689727061077
782,8479533,Joona Koppanen,PIT,L,26,0.5000058794575566
783,8480267,Sammy Walker,MIN,C,25,0.547603171529942
784,8482259,Bobby McMann,TOR,C,28,0.273813570846116
785,8480245,Olle Lycksell,PHI,R,25,0.30732044786880913
786,8483630,Pavol Regenda,ANA,L,25,0.5013990882503849
787,8480995,Pontus Holmberg,TOR,R,25,0.2403179867537718
788,8478078,Rourke Chartier,OTT,C,28,0.31562340143723644
789,8478028,Fredrik Olofsson,COL,L,28,0.28183122179408565
790,8482147,Jean-Luc Foudy,COL,C,22,0.45385315486920397
791,8481591,Sam Poulin,PIT,R,23,0.5862333412555013
792,8475278,Byron Froese,VGK,C,33,0.39301829718499737
793,8478409,Anthony Richard,BOS,C,28,0.312936430302277
794,8481543,Nikita Alexandrov,STL,C,24,0.36853587735259224
795,8481070,Hugh McGing,STL,L,26,0.5907003685462758
796,8482077,Dylan Holloway,EDM,L,23,0.29682127629783517
797,8481043,Cole Koepke,TBL,L,26,0.4188326655441454
798,8479547,Matthew Phillips,WSH,R,26,0.3397774357703979
799,8480880,Jakub Lauko,BOS,C,24,0.3178294718404349
800,8480468,James Hamblin,EDM,L,25,0.36062851071458996
801,8482250,Callahan Burke,CAR,C,27,0.5832338990309691
802,8481679,Maxence Guenette,OTT,D,23,0.7577114432929831
803,8483524,Shane Wright,SEA,C,20,0.4345641064463927
804,8483597,Milos Kelemen,ARI,L,25,0.4779669288314626
805,8477993,Justin Kirkland,ARI,C,28,0.6410065845159804
806,8482712,Oskar Olausson,COL,R,22,0.865084529280749
807,8482157,Will Cuylle,NYR,L,22,0.5687231023506152
808,8480836,Jonathan Gruden,PIT,C,24,0.4501893512277785
809,8480032,Shane Bowers,NJD,C,25,0.6621128796894269
810,8483457,Lane Hutson,MTL,D,20,0.4465967320297648
811,8482733,Logan Mailloux,MTL,D,31,0.4106903039678795
812,8482166,Shakir Mukhamadullin,SJS,D,22,0.39590674702104445
813,8483495,Simon Nemec,NJD,D,20,0.2856027775462678
814,8484144,Connor Bedard,CHI,C,19,0.26092253882304944
815,8483466,Kevin Korchinski,CHI,D,20,0.32783182500901487
816,8482803,Olen Zellweger,ANA,D,21,0.3688774015413501
817,8482858,Ryker Evans,SEA,D,23,0.33359551666340526
818,8484203,Bradly Nadeau,CAR,L,19,0.9985865529044423
819,8483490,Pavel Mintyukov,ANA,D,21,0.2908990466534675
820,8482807,Ethan Del Mastro,CHI,D,21,1.0525156710916803
821,8480834,Ty Emberson,SJS,D,24,0.35974724209335385
822,8482666,Scott Morrow,CAR,D,22,1.0408017694203202
823,8484153,Leo Carlsson,ANA,C,20,0.23407794396439774
824,8483482,Tristan Luneau,ANA,D,20,0.36277205844200294
825,8482141,Lukas Cormier,VGK,D,22,0.3366666178037875
826,8483763,Maksymilian Szuber,ARI,D,22,0.9228294513489149
827,8482511,Mason Lohrei,BOS,D,23,0.27312964520545097
828,8484911,Collin Graf,SJS,R,22,0.302617139337464
829,8481743,Marc Del Gaizo,NSH,D,25,0.3048093377898141
830,8482929,Emil Lilleberg,TBL,D,23,0.33382539085471274
831,8483493,Frank Nazar,CHI,C,20,0.3772229039999929
832,8481593,Jayden Struble,MTL,D,23,0.27477870876694543
833,8482470,Ilya Solovyov,CGY,D,24,0.3038429698544079
834,8483431,Logan Cooley,ARI,C,20,0.23426497990164005
835,8484166,Adam Fantilli,CBJ,C,20,0.24282156856596518
836,8481806,Louis Crevier,CHI,D,23,0.3404342996738306
837,8482144,Jack Thompson,SJS,D,22,0.8789879786317443
838,8483445,Cutter Gauthier,ANA,L,20,0.3730133289807359
839,8482809,Jackson Blake,CAR,R,21,0.7841480512470621
840,8482074,Connor Zary,CGY,C,23,0.2033579282070159
841,8483468,Jiri Kulich,BUF,C,20,0.8162938015863863
842,8482702,Logan Stankoven,DAL,C,21,0.31506352411143695
843,8484145,Zach Benson,BUF,L,19,0.27391092162671593
844,8483499,Liam Ohgren,MIN,L,20,0.3365779980300951
845,8484258,Sam Malinski,COL,D,26,0.30143860413351214
846,8481016,Ruslan Iskhakov,NYI,C,24,0.29722050040468245
847,8484304,Uvis Balinskis,FLA,D,28,0.3065312471254584
848,8481564,Ryan Johnson,BUF,D,23,0.3003841470907767
849,8483471,Brad Lambert,WPG,C,31,0.35993686846545675
850,8481030,Jack St. Ivany,PIT,D,25,0.3814509222301103
851,8481716,Dmitri Voronkov,CBJ,L,24,0.21653873731539405
852,8483505,Matthew Poitras,BOS,C,20,0.30390079256615593
853,8482155,Alex Laferriere,LAK,R,23,0.22497750644293701
854,8478011,Louie Belpedio,PHI,D,28,0.3053231499079616
855,8483012,Logan Morrison,SEA,C,22,0.7661297242665438
856,8482177,Marat Khusnutdinov,MIN,C,22,0.29981072149506993
857,8482126,Emil Andrae,PHI,D,31,0.5814246985091269
858,8481719,Maxwell Crozier,TBL,D,24,0.3057841144131587
859,8475755,Alexander Petrovic,DAL,D,32,0.5896993138439658
860,8481028,Martin Pospisil,CGY,C,25,0.25265560047160895
861,8478854,Ryan Shea,PIT,D,27,0.6121452200103831
862,8482118,Sam Colangelo,ANA,R,23,0.28155269573855657
863,8482153,Brendan Brisson,VGK,C,23,0.3067170103547659
864,8484149,Gavin Brindley,CBJ,C,20,0.8000996037061203
865,8482659,Josh Doan,ARI,R,22,0.3493686176322066
866,8482749,Joshua Roy,MTL,R,21,0.3281402661704436
867,8483491,Ivan Miroshnichenko,WSH,L,20,0.39511078172011727
868,8482713,Mackie Samoskevich,FLA,R,22,0.7764699087954599
869,8482737,Zack Bolduc,STL,C,21,0.33300170940237594
870,8482165,Yan Kuznetsov,CGY,D,22,0.8698679305413893
871,8481789,Tye Kartye,SEA,L,23,0.2982748863483548
872,8483395,Arshdeep Bains,VAN,L,23,0.6659677574802538
873,8481206,John Ludvig,PIT,D,24,0.30921665869399584
874,8481699,Aku Raty,ARI,R,23,0.36758298894951874
875,8483546,Marshall Rifai,TOR,D,26,0.6477250564659148
876,8479330,Brandon Gignac,MTL,C,27,0.30338980373067465
877,8482094,Daemon Hunt,MIN,D,22,0.4012700313852911
878,8483398,Declan Carlile,TBL,D,31,0.5847618678584402
879,8483489,Fraser Minten,TOR,C,31,0.5362359959385548
880,8481578,Graeme Clarke,NJD,R,23,0.660920472721409
881,8482172,Landon Slaggert,CHI,L,22,0.3196280972218953
882,8479638,Justin Brazeau,BOS,R,26,0.2926481291151041
883,8482787,Nikita Chibrikov,WPG,R,31,0.37524838036286856
884,8482145,Mavrik Bourque,DAL,C,22,0.7721974123405367
885,8483407,Brandon Scanlin,NYR,D,25,0.6509003579965942
886,8481462,Mason Morelli,VGK,L,28,0.32332687746976924
887,8479522,Hardy Haman Aktell,WSH,D,26,0.341278403890827
888,8481556,John Beecher,BOS,C,23,0.2602776113970391
889,8483567,Georgii Merkulov,BOS,C,24,0.6052667669729955
890,8482784,Zach Dean,STL,C,21,0.7704506006306041
891,8482859,Zack Ostapchuk,OTT,C,21,0.7776516280911012
892,8482744,James Malatesta,CBJ,L,21,0.3494256363779056
893,8481024,Linus Karlsson,VAN,C,25,0.5898432973457521
894,8481065,Angus Crookshank,OTT,L,25,0.32152264059575014
895,8481237,Kyle MacLean,NYI,C,25,0.3165292112628262
896,8480075,Cameron Crotty,ARI,D,25,0.6496687256307245
897,8482201,Gage Goncalves,TBL,C,23,0.6596085351710399
898,8482476,Emil Heineman,MTL,L,23,0.6596085351710399
899,8484325,Waltteri Merela,TBL,C,26,0.37198901210677693
900,8482102,Vasily Ponomarev,CAR,C,22,0.40424599087627977
901,8483432,Luca Del Bel Belluz,CBJ,C,31,0.4287632766873299
902,8484314,Jiri Smejkal,OTT,L,28,0.34702068169125455
903,8482751,Ryan Winterton,SEA,C,21,0.805816223757104
904,8484326,Patrik Koch,ARI,D,28,0.6403818946853562
905,8483920,Pierrick Dube,WSH,R,23,0.6934275012722182
906,8482747,Brennan Othmann,NYR,L,21,0.7999658058232689
907,8482088,Justin Sourdif,FLA,R,22,0.7676197235289817
908,8480851,Akil Thomas,LAK,C,24,0.4134904335386808
909,8482765,Isak Rosen,BUF,R,21,0.7838315259936076
910,8481726,Adam Edstrom,NYR,C,24,0.36837928260422137
911,8483531,Brian Halonen,NJD,L,25,0.5993128878362276
912,8482162,Roby Jarventie,OTT,L,22,0.5236140617848448
913,8484255,Jason Polin,COL,R,25,0.48307618316872597
914,8483401,Marc Johnstone,PIT,R,28,0.6609820884762692
915,8481534,Raphael Lavoie,EDM,C,24,0.7191232447242267
916,8484321,Nikolas Matinpalo,OTT,D,26,0.6867672923175352
917,8483609,Adam Klapka,CGY,R,24,0.4268264287524045
918,8484259,Ondrej Pavel,COL,C,31,0.5870903036952678
919,8482460,Matt Rempe,NYR,C,22,0.46717994744926
920,8483512,Matthew Savoie,BUF,C,20,0.8115202568008266
921,8478956,Samuel Laberge,NJD,L,27,0.5949191364048767
922,8480274,Philip Kemp,EDM,D,25,0.67070040699544
923,8483045,Cameron Butler,CBJ,R,31,0.5796565386103404
